latest_date,predicted_prob,outcome,market_type
2026-05-15,0.3279,1,moneyline
2026-05-15,0.4285,0,moneyline
2026-05-15,0.2297,0,moneyline
2026-05-15,0.6201,1,2_5
2026-05-15,0.3799,0,2_5
2026-05-15,0.3985,1,3_5
2026-05-15,0.6015,0,3_5
2026-05-17,0.5715,0,moneyline
2026-05-17,0.1793,0,moneyline
2026-05-17,0.2416,1,moneyline
2026-05-17,0.4426,1,2_5
2026-05-17,0.5574,0,2_5
2026-05-17,0.2299,1,3_5
2026-05-17,0.7701,0,3_5
2026-05-17,0.5777,0,moneyline
2026-05-17,0.1851,1,moneyline
2026-05-17,0.2254,0,moneyline
2026-05-17,0.5098,1,2_5
2026-05-17,0.4902,0,2_5
2026-05-17,0.288,1,3_5
2026-05-17,0.712,0,3_5
2026-05-17,0.3708,1,moneyline
2026-05-17,0.3521,0,moneyline
2026-05-17,0.2738,0,moneyline
2026-05-17,0.4375,0,2_5
2026-05-17,0.5625,1,2_5
2026-05-17,0.2265,0,3_5
2026-05-17,0.7735,1,3_5
2026-05-17,0.4266,1,moneyline
2026-05-17,0.3139,0,moneyline
2026-05-17,0.2532,0,moneyline
2026-05-17,0.5117,1,2_5
2026-05-17,0.4883,0,2_5
2026-05-17,0.2901,1,3_5
2026-05-17,0.7099,0,3_5
2026-05-17,0.5155,1,moneyline
2026-05-17,0.2378,0,moneyline
2026-05-17,0.2369,0,moneyline
2026-05-17,0.5279,1,2_5
2026-05-17,0.4721,0,2_5
2026-05-17,0.305,1,3_5
2026-05-17,0.695,0,3_5
2026-05-17,0.2191,0,moneyline
2026-05-17,0.4703,0,moneyline
2026-05-17,0.3091,1,moneyline
2026-05-17,0.285,0,2_5
2026-05-17,0.715,1,2_5
2026-05-17,0.1177,0,3_5
2026-05-17,0.8823,1,3_5
2026-05-18,0.7839,1,moneyline
2026-05-18,0.035,0,moneyline
2026-05-18,0.0923,0,moneyline
2026-05-18,0.5985,0,2_5
2026-05-18,0.4015,1,2_5
2026-05-18,0.3841,0,3_5
2026-05-18,0.6159,1,3_5
2026-05-19,0.2557,0,moneyline
2026-05-19,0.4915,0,moneyline
2026-05-19,0.2449,1,moneyline
2026-05-19,0.5116,0,2_5
2026-05-19,0.4884,1,2_5
2026-05-19,0.2899,0,3_5
2026-05-19,0.7101,1,3_5
2026-05-19,0.4925,1,moneyline
2026-05-19,0.2587,0,moneyline
2026-05-19,0.2394,0,moneyline
2026-05-19,0.5363,1,2_5
2026-05-19,0.4637,0,2_5
2026-05-19,0.313,0,3_5
2026-05-19,0.687,1,3_5
2026-05-17,0.5216,0,moneyline
2026-05-17,0.2124,0,moneyline
2026-05-17,0.2612,1,moneyline
2026-05-17,0.4136,0,2_5
2026-05-17,0.5864,1,2_5
2026-05-17,0.2071,0,3_5
2026-05-17,0.7929,1,3_5
2026-05-17,0.5606,0,moneyline
2026-05-17,0.1581,1,moneyline
2026-05-17,0.2784,0,moneyline
2026-05-17,0.3112,0,2_5
2026-05-17,0.6888,1,2_5
2026-05-17,0.1338,0,3_5
2026-05-17,0.8662,1,3_5
2026-05-17,0.6078,0,moneyline
2026-05-17,0.1574,1,moneyline
2026-05-17,0.2236,0,moneyline
2026-05-17,0.4738,0,2_5
2026-05-17,0.5262,1,2_5
2026-05-17,0.2558,0,3_5
2026-05-17,0.7442,1,3_5
2026-05-17,0.4688,0,moneyline
2026-05-17,0.2898,1,moneyline
2026-05-17,0.2268,0,moneyline
2026-05-17,0.6139,1,2_5
2026-05-17,0.3861,0,2_5
2026-05-17,0.3919,1,3_5
2026-05-17,0.6081,0,3_5
2026-05-17,0.3246,1,moneyline
2026-05-17,0.4364,0,moneyline
2026-05-17,0.2183,0,moneyline
2026-05-17,0.6698,1,2_5
2026-05-17,0.3302,0,2_5
2026-05-17,0.456,1,3_5
2026-05-17,0.544,0,3_5
2026-05-17,0.5515,0,moneyline
2026-05-17,0.2131,0,moneyline
2026-05-17,0.2205,1,moneyline
2026-05-17,0.5675,0,2_5
2026-05-17,0.4325,1,2_5
2026-05-17,0.3435,0,3_5
2026-05-17,0.6565,1,3_5
2026-05-17,0.202,1,moneyline
2026-05-17,0.5495,0,moneyline
2026-05-17,0.2402,0,moneyline
2026-05-17,0.4762,1,2_5
2026-05-17,0.5238,0,2_5
2026-05-17,0.2582,0,3_5
2026-05-17,0.7418,1,3_5
2026-05-17,0.4132,1,moneyline
2026-05-17,0.3417,0,moneyline
2026-05-17,0.2324,0,moneyline
2026-05-17,0.6119,1,2_5
2026-05-17,0.3881,0,2_5
2026-05-17,0.3897,1,3_5
2026-05-17,0.6103,0,3_5
2026-05-16,0.5938,1,moneyline
2026-05-16,0.0397,0,moneyline
2026-05-16,0.0622,0,moneyline
2026-05-16,0.6175,1,2_5
2026-05-16,0.3825,0,2_5
2026-05-16,0.513,1,3_5
2026-05-16,0.487,0,3_5
2026-05-16,0.2225,0,moneyline
2026-05-16,0.5458,0,moneyline
2026-05-16,0.1883,1,moneyline
2026-05-16,0.7125,1,2_5
2026-05-16,0.2875,0,2_5
2026-05-16,0.5151,1,3_5
2026-05-16,0.4849,0,3_5
2026-05-16,0.2515,1,moneyline
2026-05-16,0.5065,0,moneyline
2026-05-16,0.2296,0,moneyline
2026-05-16,0.5715,1,2_5
2026-05-16,0.4285,0,2_5
2026-05-16,0.3475,1,3_5
2026-05-16,0.6525,0,3_5
2026-05-16,0.455,0,moneyline
2026-05-16,0.3031,1,moneyline
2026-05-16,0.2271,0,moneyline
2026-05-16,0.6205,0,2_5
2026-05-16,0.3795,1,2_5
2026-05-16,0.399,0,3_5
2026-05-16,0.601,1,3_5
2026-05-16,0.6709,0,moneyline
2026-05-16,0.1216,0,moneyline
2026-05-16,0.1669,1,moneyline
2026-05-16,0.6201,0,2_5
2026-05-16,0.3799,1,2_5
2026-05-16,0.4015,0,3_5
2026-05-16,0.5985,1,3_5
2026-05-16,0.2746,1,moneyline
2026-05-16,0.4659,0,moneyline
2026-05-16,0.2533,0,moneyline
2026-05-16,0.4917,1,2_5
2026-05-16,0.5083,0,2_5
2026-05-16,0.2721,1,3_5
2026-05-16,0.7279,0,3_5
2026-05-16,0.2973,0,moneyline
2026-05-16,0.3997,1,moneyline
2026-05-16,0.3016,0,moneyline
2026-05-16,0.3362,1,2_5
2026-05-16,0.6638,0,2_5
2026-05-16,0.1511,1,3_5
2026-05-16,0.8489,0,3_5
2026-05-16,0.2876,1,moneyline
2026-05-16,0.4657,0,moneyline
2026-05-16,0.2359,0,moneyline
2026-05-16,0.5724,1,2_5
2026-05-16,0.4276,0,2_5
2026-05-16,0.3484,1,3_5
2026-05-16,0.6516,0,3_5
2026-05-16,0.1519,0,moneyline
2026-05-16,0.6164,1,moneyline
2026-05-16,0.2197,0,moneyline
2026-05-16,0.479,0,2_5
2026-05-16,0.521,1,2_5
2026-05-16,0.2602,0,3_5
2026-05-16,0.7398,1,3_5
2026-05-17,0.5764,0,moneyline
2026-05-17,0.1777,1,moneyline
2026-05-17,0.2376,0,moneyline
2026-05-17,0.4546,0,2_5
2026-05-17,0.5454,1,2_5
2026-05-17,0.2398,0,3_5
2026-05-17,0.7602,1,3_5
2026-05-17,0.3516,1,moneyline
2026-05-17,0.379,0,moneyline
2026-05-17,0.2651,0,moneyline
2026-05-17,0.4717,1,2_5
2026-05-17,0.5283,0,2_5
2026-05-17,0.2549,0,3_5
2026-05-17,0.7451,1,3_5
2026-05-17,0.6915,1,moneyline
2026-05-17,0.0907,0,moneyline
2026-05-17,0.2062,0,moneyline
2026-05-17,0.402,0,2_5
2026-05-17,0.598,1,2_5
2026-05-17,0.1965,0,3_5
2026-05-17,0.8035,1,3_5
2026-05-17,0.3309,0,moneyline
2026-05-17,0.3578,1,moneyline
2026-05-17,0.3101,0,moneyline
2026-05-17,0.3171,1,2_5
2026-05-17,0.6829,0,2_5
2026-05-17,0.1384,0,3_5
2026-05-17,0.8616,1,3_5
2026-05-17,0.7926,0,moneyline
2026-05-17,0.021,0,moneyline
2026-05-17,0.0693,1,moneyline
2026-05-17,0.5963,0,2_5
2026-05-17,0.4037,1,2_5
2026-05-17,0.3874,0,3_5
2026-05-17,0.6126,1,3_5
2026-05-17,0.6444,0,moneyline
2026-05-17,0.1148,1,moneyline
2026-05-17,0.2334,0,moneyline
2026-05-17,0.3707,0,2_5
2026-05-17,0.6293,1,2_5
2026-05-17,0.1739,0,3_5
2026-05-17,0.8261,1,3_5
2026-05-17,0.0782,0,moneyline
2026-05-17,0.732,1,moneyline
2026-05-17,0.1566,0,moneyline
2026-05-17,0.5359,1,2_5
2026-05-17,0.4641,0,2_5
2026-05-17,0.3119,0,3_5
2026-05-17,0.6881,1,3_5
2026-05-17,0.595,1,moneyline
2026-05-17,0.1756,0,moneyline
2026-05-17,0.2136,0,moneyline
2026-05-17,0.5418,0,2_5
2026-05-17,0.4582,1,2_5
2026-05-17,0.3181,0,3_5
2026-05-17,0.6819,1,3_5
2026-05-17,0.5628,0,moneyline
2026-05-17,0.158,1,moneyline
2026-05-17,0.2761,0,moneyline
2026-05-17,0.3167,1,2_5
2026-05-17,0.6833,0,2_5
2026-05-17,0.1374,1,3_5
2026-05-17,0.8626,0,3_5
2026-05-17,0.7027,0,moneyline
2026-05-17,0.0942,1,moneyline
2026-05-17,0.1825,0,moneyline
2026-05-17,0.488,0,2_5
2026-05-17,0.512,1,2_5
2026-05-17,0.2673,0,3_5
2026-05-17,0.7327,1,3_5
2026-05-09,0.6834,1,moneyline
2026-05-09,0.098,0,moneyline
2026-05-09,0.2064,0,moneyline
2026-05-09,0.4177,1,2_5
2026-05-09,0.5823,0,2_5
2026-05-09,0.2088,0,3_5
2026-05-09,0.7912,1,3_5
2026-05-09,0.3168,0,moneyline
2026-05-09,0.407,1,moneyline
2026-05-09,0.2729,0,moneyline
2026-05-09,0.4354,0,2_5
2026-05-09,0.5646,1,2_5
2026-05-09,0.2247,0,3_5
2026-05-09,0.7753,1,3_5
2026-05-09,0.6094,0,moneyline
2026-05-09,0.1703,0,moneyline
2026-05-09,0.1866,1,moneyline
2026-05-09,0.6432,0,2_5
2026-05-09,0.3568,1,2_5
2026-05-09,0.427,0,3_5
2026-05-09,0.573,1,3_5
2026-05-09,0.5935,1,moneyline
2026-05-09,0.1748,0,moneyline
2026-05-09,0.2175,0,moneyline
2026-05-09,0.5251,1,2_5
2026-05-09,0.4749,0,2_5
2026-05-09,0.3021,0,3_5
2026-05-09,0.6979,1,3_5
2026-05-09,0.2125,0,moneyline
2026-05-09,0.5523,0,moneyline
2026-05-09,0.2201,1,moneyline
2026-05-09,0.5687,0,2_5
2026-05-09,0.4313,1,2_5
2026-05-09,0.3447,0,3_5
2026-05-09,0.6553,1,3_5
2026-05-10,0.2358,0,moneyline
2026-05-10,0.5208,0,moneyline
2026-05-10,0.2323,1,moneyline
2026-05-10,0.5449,1,2_5
2026-05-10,0.4551,0,2_5
2026-05-10,0.3212,1,3_5
2026-05-10,0.6788,0,3_5
2026-05-10,0.2816,0,moneyline
2026-05-10,0.4386,0,moneyline
2026-05-10,0.2767,1,moneyline
2026-05-10,0.4091,1,2_5
2026-05-10,0.5909,0,2_5
2026-05-10,0.2039,1,3_5
2026-05-10,0.7961,0,3_5
2026-05-10,0.5791,0,moneyline
2026-05-10,0.1912,0,moneyline
2026-05-10,0.2119,1,moneyline
2026-05-10,0.573,0,2_5
2026-05-10,0.427,1,2_5
2026-05-10,0.3491,0,3_5
2026-05-10,0.6509,1,3_5
2026-05-10,0.152,0,moneyline
2026-05-10,0.6177,1,moneyline
2026-05-10,0.2175,0,moneyline
2026-05-10,0.4871,0,2_5
2026-05-10,0.5129,1,2_5
2026-05-10,0.2673,0,3_5
2026-05-10,0.7327,1,3_5
2026-05-11,0.284,0,moneyline
2026-05-11,0.4597,0,moneyline
2026-05-11,0.2493,1,moneyline
2026-05-11,0.5136,0,2_5
2026-05-11,0.4864,1,2_5
2026-05-11,0.2918,0,3_5
2026-05-11,0.7082,1,3_5
2026-05-13,0.7179,1,moneyline
2026-05-13,0.0855,0,moneyline
2026-05-13,0.172,0,moneyline
2026-05-13,0.5019,1,2_5
2026-05-13,0.4981,0,2_5
2026-05-13,0.2797,0,3_5
2026-05-13,0.7203,1,3_5
2026-05-08,0.3444,1,moneyline
2026-05-08,0.3665,0,moneyline
2026-05-08,0.2868,0,moneyline
2026-05-08,0.3902,1,2_5
2026-05-08,0.6098,0,2_5
2026-05-08,0.1896,1,3_5
2026-05-08,0.8104,0,3_5
2026-05-09,0.5402,0,moneyline
2026-05-09,0.2266,1,moneyline
2026-05-09,0.2141,0,moneyline
2026-05-09,0.6115,0,2_5
2026-05-09,0.3885,1,2_5
2026-05-09,0.3897,0,3_5
2026-05-09,0.6103,1,3_5
2026-05-09,0.5099,0,moneyline
2026-05-09,0.2564,0,moneyline
2026-05-09,0.2004,1,moneyline
2026-05-09,0.701,0,2_5
2026-05-09,0.299,1,2_5
2026-05-09,0.4972,0,3_5
2026-05-09,0.5028,1,3_5
2026-05-09,0.4752,1,moneyline
2026-05-09,0.2458,0,moneyline
2026-05-09,0.2758,0,moneyline
2026-05-09,0.3924,1,2_5
2026-05-09,0.6076,0,2_5
2026-05-09,0.1911,0,3_5
2026-05-09,0.8089,1,3_5
2026-05-09,0.4121,0,moneyline
2026-05-09,0.3448,0,moneyline
2026-05-09,0.2283,1,moneyline
2026-05-09,0.6315,1,2_5
2026-05-09,0.3685,0,2_5
2026-05-09,0.4112,1,3_5
2026-05-09,0.5888,0,3_5
2026-05-10,0.5169,0,moneyline
2026-05-10,0.234,1,moneyline
2026-05-10,0.2404,0,moneyline
2026-05-10,0.5104,0,2_5
2026-05-10,0.4896,1,2_5
2026-05-10,0.2887,0,3_5
2026-05-10,0.7113,1,3_5
2026-05-10,0.6076,1,moneyline
2026-05-10,0.1666,0,moneyline
2026-05-10,0.2083,0,moneyline
2026-05-10,0.5479,0,2_5
2026-05-10,0.4521,1,2_5
2026-05-10,0.324,0,3_5
2026-05-10,0.676,1,3_5
2026-05-10,0.3345,0,moneyline
2026-05-10,0.4113,0,moneyline
2026-05-10,0.2463,1,moneyline
2026-05-10,0.548,0,2_5
2026-05-10,0.452,1,2_5
2026-05-10,0.3243,0,3_5
2026-05-10,0.6757,1,3_5
2026-05-10,0.3103,0,moneyline
2026-05-10,0.3163,0,moneyline
2026-05-10,0.3731,1,moneyline
2026-05-10,0.1816,0,2_5
2026-05-10,0.8184,1,2_5
2026-05-10,0.0608,0,3_5
2026-05-10,0.9392,1,3_5
2026-05-11,0.4576,0,moneyline
2026-05-11,0.2502,0,moneyline
2026-05-11,0.29,1,moneyline
2026-05-11,0.3516,0,2_5
2026-05-11,0.6484,1,2_5
2026-05-11,0.1615,0,3_5
2026-05-11,0.8385,1,3_5
2026-05-08,0.6667,1,moneyline
2026-05-08,0.124,0,moneyline
2026-05-08,0.1823,0,moneyline
2026-05-08,0.5647,0,2_5
2026-05-08,0.4353,1,2_5
2026-05-08,0.3409,0,3_5
2026-05-08,0.6591,1,3_5
2026-05-10,0.1971,0,moneyline
2026-05-10,0.5478,0,moneyline
2026-05-10,0.2486,1,moneyline
2026-05-10,0.4404,0,2_5
2026-05-10,0.5596,1,2_5
2026-05-10,0.2282,0,3_5
2026-05-10,0.7718,1,3_5
2026-05-10,0.5212,1,moneyline
2026-05-10,0.2068,0,moneyline
2026-05-10,0.2681,0,moneyline
2026-05-10,0.3863,1,2_5
2026-05-10,0.6137,0,2_5
2026-05-10,0.1863,0,3_5
2026-05-10,0.8137,1,3_5
2026-05-10,0.3837,0,moneyline
2026-05-10,0.3525,1,moneyline
2026-05-10,0.2585,0,moneyline
2026-05-10,0.4987,0,2_5
2026-05-10,0.5013,1,2_5
2026-05-10,0.2785,0,3_5
2026-05-10,0.7215,1,3_5
2026-05-10,0.2064,0,moneyline
2026-05-10,0.5628,1,moneyline
2026-05-10,0.2119,0,moneyline
2026-05-10,0.5948,1,2_5
2026-05-10,0.4052,0,2_5
2026-05-10,0.3718,1,3_5
2026-05-10,0.6282,0,3_5
2026-05-10,0.3298,0,moneyline
2026-05-10,0.3895,1,moneyline
2026-05-10,0.2777,0,moneyline
2026-05-10,0.4205,0,2_5
2026-05-10,0.5795,1,2_5
2026-05-10,0.2129,0,3_5
2026-05-10,0.7871,1,3_5
2026-05-10,0.7238,1,moneyline
2026-05-10,0.0659,0,moneyline
2026-05-10,0.1115,0,moneyline
2026-05-10,0.6592,0,2_5
2026-05-10,0.3408,1,2_5
2026-05-10,0.4626,0,3_5
2026-05-10,0.5374,1,3_5
2026-05-10,0.4512,1,moneyline
2026-05-10,0.3054,0,moneyline
2026-05-10,0.2301,0,moneyline
2026-05-10,0.6084,1,2_5
2026-05-10,0.3916,0,2_5
2026-05-10,0.3859,0,3_5
2026-05-10,0.6141,1,3_5
2026-05-10,0.271,1,moneyline
2026-05-10,0.4813,0,moneyline
2026-05-10,0.2377,0,moneyline
2026-05-10,0.5532,1,2_5
2026-05-10,0.4468,0,2_5
2026-05-10,0.3293,0,3_5
2026-05-10,0.6707,1,3_5
2026-05-13,0.3166,0,moneyline
2026-05-13,0.4318,1,moneyline
2026-05-13,0.2428,0,moneyline
2026-05-13,0.5574,1,2_5
2026-05-13,0.4426,0,2_5
2026-05-13,0.3335,0,3_5
2026-05-13,0.6665,1,3_5
2026-05-13,0.3231,0,moneyline
2026-05-13,0.4354,1,moneyline
2026-05-13,0.2254,0,moneyline
2026-05-13,0.6376,0,2_5
2026-05-13,0.3624,1,2_5
2026-05-13,0.4181,0,3_5
2026-05-13,0.5819,1,3_5
2026-05-08,0.6802,1,moneyline
2026-05-08,0.1149,0,moneyline
2026-05-08,0.1683,0,moneyline
2026-05-08,0.5976,1,2_5
2026-05-08,0.4024,0,2_5
2026-05-08,0.3761,1,3_5
2026-05-08,0.6239,0,3_5
2026-05-09,0.4449,1,moneyline
2026-05-09,0.273,0,moneyline
2026-05-09,0.2793,0,moneyline
2026-05-09,0.3965,1,2_5
2026-05-09,0.6035,0,2_5
2026-05-09,0.1943,1,3_5
2026-05-09,0.8057,0,3_5
2026-05-09,0.6216,1,moneyline
2026-05-09,0.1604,0,moneyline
2026-05-09,0.1858,0,moneyline
2026-05-09,0.6281,0,2_5
2026-05-09,0.3719,1,2_5
2026-05-09,0.4095,0,3_5
2026-05-09,0.5905,1,3_5
2026-05-09,0.7355,1,moneyline
2026-05-09,0.0754,0,moneyline
2026-05-09,0.1588,0,moneyline
2026-05-09,0.5187,1,2_5
2026-05-09,0.4813,0,2_5
2026-05-09,0.2952,0,3_5
2026-05-09,0.7048,1,3_5
2026-05-09,0.4213,1,moneyline
2026-05-09,0.3402,0,moneyline
2026-05-09,0.2108,0,moneyline
2026-05-09,0.7077,1,2_5
2026-05-09,0.2923,0,2_5
2026-05-09,0.5043,1,3_5
2026-05-09,0.4957,0,3_5
2026-05-09,0.0585,0,moneyline
2026-05-09,0.6103,1,moneyline
2026-05-09,0.0805,0,moneyline
2026-05-09,0.6594,0,2_5
2026-05-09,0.3406,1,2_5
2026-05-09,0.5448,0,3_5
2026-05-09,0.4552,1,3_5
2026-05-10,0.4554,0,moneyline
2026-05-10,0.3072,1,moneyline
2026-05-10,0.213,0,moneyline
2026-05-10,0.6851,1,2_5
2026-05-10,0.3149,0,2_5
2026-05-10,0.4752,1,3_5
2026-05-10,0.5248,0,3_5
2026-05-10,0.3912,1,moneyline
2026-05-10,0.3344,0,moneyline
2026-05-10,0.2707,0,moneyline
2026-05-10,0.4473,1,2_5
2026-05-10,0.5527,0,2_5
2026-05-10,0.2345,1,3_5
2026-05-10,0.7655,0,3_5
2026-05-10,0.6103,0,moneyline
2026-05-10,0.1612,1,moneyline
2026-05-10,0.2138,0,moneyline
2026-05-10,0.5168,1,2_5
2026-05-10,0.4832,0,2_5
2026-05-10,0.2943,1,3_5
2026-05-10,0.7057,0,3_5
2026-05-08,0.2852,1,moneyline
2026-05-08,0.459,0,moneyline
2026-05-08,0.2486,0,moneyline
2026-05-08,0.5171,1,2_5
2026-05-08,0.4829,0,2_5
2026-05-08,0.295,0,3_5
2026-05-08,0.705,1,3_5
2026-05-09,0.2524,0,moneyline
2026-05-09,0.4825,1,moneyline
2026-05-09,0.26,0,moneyline
2026-05-09,0.4511,0,2_5
2026-05-09,0.5489,1,2_5
2026-05-09,0.2373,0,3_5
2026-05-09,0.7627,1,3_5
2026-05-09,0.187,0,moneyline
2026-05-09,0.5866,1,moneyline
2026-05-09,0.2052,0,moneyline
2026-05-09,0.5943,1,2_5
2026-05-09,0.4057,0,2_5
2026-05-09,0.3713,0,3_5
2026-05-09,0.6287,1,3_5
2026-05-09,0.1053,0,moneyline
2026-05-09,0.6524,1,moneyline
2026-05-09,0.2356,0,moneyline
2026-05-09,0.3485,0,2_5
2026-05-09,0.6515,1,2_5
2026-05-09,0.1581,0,3_5
2026-05-09,0.8419,1,3_5
2026-05-10,0.3996,1,moneyline
2026-05-10,0.2923,0,moneyline
2026-05-10,0.3068,0,moneyline
2026-05-10,0.3203,1,2_5
2026-05-10,0.6797,0,2_5
2026-05-10,0.1405,0,3_5
2026-05-10,0.8595,1,3_5
2026-05-10,0.3531,0,moneyline
2026-05-10,0.3575,0,moneyline
2026-05-10,0.2872,1,moneyline
2026-05-10,0.3892,0,2_5
2026-05-10,0.6108,1,2_5
2026-05-10,0.1889,0,3_5
2026-05-10,0.8111,1,3_5
2026-05-10,0.3229,0,moneyline
2026-05-10,0.3428,1,moneyline
2026-05-10,0.3337,0,moneyline
2026-05-10,0.2571,1,2_5
2026-05-10,0.7429,0,2_5
2026-05-10,0.1012,1,3_5
2026-05-10,0.8988,0,3_5
2026-05-10,0.147,0,moneyline
2026-05-10,0.5929,1,moneyline
2026-05-10,0.255,0,moneyline
2026-05-10,0.3587,1,2_5
2026-05-10,0.6413,0,2_5
2026-05-10,0.1658,1,3_5
2026-05-10,0.8342,0,3_5
2026-05-10,0.0625,0,moneyline
2026-05-10,0.7525,1,moneyline
2026-05-10,0.1596,0,moneyline
2026-05-10,0.473,0,2_5
2026-05-10,0.527,1,2_5
2026-05-10,0.2534,0,3_5
2026-05-10,0.7466,1,3_5
2026-05-11,0.597,0,moneyline
2026-05-11,0.1515,1,moneyline
2026-05-11,0.2451,0,moneyline
2026-05-11,0.3937,1,2_5
2026-05-11,0.6063,0,2_5
2026-05-11,0.1913,1,3_5
2026-05-11,0.8087,0,3_5
2026-05-01,0.6703,1,moneyline
2026-05-01,0.121,0,moneyline
2026-05-01,0.1825,0,moneyline
2026-05-01,0.5564,1,2_5
2026-05-01,0.4436,0,2_5
2026-05-01,0.3324,1,3_5
2026-05-01,0.6676,0,3_5
2026-05-02,0.5915,1,moneyline
2026-05-02,0.1579,0,moneyline
2026-05-02,0.2439,0,moneyline
2026-05-02,0.4062,1,2_5
2026-05-02,0.5938,0,2_5
2026-05-02,0.2008,0,3_5
2026-05-02,0.7992,1,3_5
2026-05-02,0.4359,1,moneyline
2026-05-02,0.3035,0,moneyline
2026-05-02,0.2545,0,moneyline
2026-05-02,0.5021,1,2_5
2026-05-02,0.4979,0,2_5
2026-05-02,0.2814,0,3_5
2026-05-02,0.7186,1,3_5
2026-05-02,0.2449,1,moneyline
2026-05-02,0.4941,0,moneyline
2026-05-02,0.2552,0,moneyline
2026-05-02,0.4632,1,2_5
2026-05-02,0.5368,0,2_5
2026-05-02,0.2474,1,3_5
2026-05-02,0.7526,0,3_5
2026-05-02,0.2749,0,moneyline
2026-05-02,0.4356,0,moneyline
2026-05-02,0.2873,1,moneyline
2026-05-02,0.3717,0,2_5
2026-05-02,0.6283,1,2_5
2026-05-02,0.1759,0,3_5
2026-05-02,0.8241,1,3_5
2026-05-03,0.564,0,moneyline
2026-05-03,0.2027,1,moneyline
2026-05-03,0.2175,0,moneyline
2026-05-03,0.5662,1,2_5
2026-05-03,0.4338,0,2_5
2026-05-03,0.3422,0,3_5
2026-05-03,0.6578,1,3_5
2026-05-03,0.5041,1,moneyline
2026-05-03,0.2307,0,moneyline
2026-05-03,0.2603,0,moneyline
2026-05-03,0.433,1,2_5
2026-05-03,0.567,0,2_5
2026-05-03,0.2225,0,3_5
2026-05-03,0.7775,1,3_5
2026-05-03,0.416,1,moneyline
2026-05-03,0.3402,0,moneyline
2026-05-03,0.2299,0,moneyline
2026-05-03,0.6231,1,2_5
2026-05-03,0.3769,0,2_5
2026-05-03,0.4019,1,3_5
2026-05-03,0.5981,0,3_5
2026-05-04,0.2709,0,moneyline
2026-05-04,0.4772,1,moneyline
2026-05-04,0.2436,0,moneyline
2026-05-04,0.5284,1,2_5
2026-05-04,0.4716,0,2_5
2026-05-04,0.3055,1,3_5
2026-05-04,0.6945,0,3_5
2026-05-04,0.1917,0,moneyline
2026-05-04,0.5527,0,moneyline
2026-05-04,0.2492,1,moneyline
2026-05-04,0.432,1,2_5
2026-05-04,0.568,0,2_5
2026-05-04,0.2214,1,3_5
2026-05-04,0.7786,0,3_5
2026-05-01,0.5025,0,moneyline
2026-05-01,0.2425,1,moneyline
2026-05-01,0.248,0,moneyline
2026-05-01,0.4884,0,2_5
2026-05-01,0.5116,1,2_5
2026-05-01,0.2691,0,3_5
2026-05-01,0.7309,1,3_5
2026-05-02,0.5399,0,moneyline
2026-05-02,0.2266,1,moneyline
2026-05-02,0.215,0,moneyline
2026-05-02,0.6073,1,2_5
2026-05-02,0.3927,0,2_5
2026-05-02,0.3851,1,3_5
2026-05-02,0.6149,0,3_5
2026-05-02,0.1709,0,moneyline
2026-05-02,0.589,1,moneyline
2026-05-02,0.2302,0,moneyline
2026-05-02,0.4714,1,2_5
2026-05-02,0.5286,0,2_5
2026-05-02,0.2539,0,3_5
2026-05-02,0.7461,1,3_5
2026-05-02,0.3917,0,moneyline
2026-05-02,0.3521,1,moneyline
2026-05-02,0.2489,0,moneyline
2026-05-02,0.5399,0,2_5
2026-05-02,0.4601,1,2_5
2026-05-02,0.3165,0,3_5
2026-05-02,0.6835,1,3_5
2026-05-02,0.6167,1,moneyline
2026-05-02,0.1494,0,moneyline
2026-05-02,0.2229,0,moneyline
2026-05-02,0.4631,1,2_5
2026-05-02,0.5369,0,2_5
2026-05-02,0.2466,1,3_5
2026-05-02,0.7534,0,3_5
2026-05-03,0.6069,1,moneyline
2026-05-03,0.1571,0,moneyline
2026-05-03,0.2254,0,moneyline
2026-05-03,0.4671,1,2_5
2026-05-03,0.5329,0,2_5
2026-05-03,0.2501,0,3_5
2026-05-03,0.7499,1,3_5
2026-05-03,0.5452,1,moneyline
2026-05-03,0.2217,0,moneyline
2026-05-03,0.2148,0,moneyline
2026-05-03,0.6026,1,2_5
2026-05-03,0.3974,0,2_5
2026-05-03,0.3801,1,3_5
2026-05-03,0.6199,0,3_5
2026-05-03,0.1907,0,moneyline
2026-05-03,0.5689,1,moneyline
2026-05-03,0.2298,0,moneyline
2026-05-03,0.5008,0,2_5
2026-05-03,0.4992,1,2_5
2026-05-03,0.2798,0,3_5
2026-05-03,0.7202,1,3_5
2026-05-03,0.4371,0,moneyline
2026-05-03,0.1961,1,moneyline
2026-05-03,0.3664,0,moneyline
2026-05-03,0.1721,0,2_5
2026-05-03,0.8279,1,2_5
2026-05-03,0.0561,0,3_5
2026-05-03,0.9439,1,3_5
2026-05-04,0.3261,1,moneyline
2026-05-04,0.4355,0,moneyline
2026-05-04,0.2157,0,moneyline
2026-05-04,0.682,0,2_5
2026-05-04,0.318,1,2_5
2026-05-04,0.471,0,3_5
2026-05-04,0.529,1,3_5
2026-05-02,0.157,0,moneyline
2026-05-02,0.6189,1,moneyline
2026-05-02,0.1658,0,moneyline
2026-05-02,0.699,1,2_5
2026-05-02,0.301,0,2_5
2026-05-02,0.5021,0,3_5
2026-05-02,0.4979,1,3_5
2026-05-02,0.2109,1,moneyline
2026-05-02,0.5285,0,moneyline
2026-05-02,0.255,0,moneyline
2026-05-02,0.4331,1,2_5
2026-05-02,0.5669,0,2_5
2026-05-02,0.2224,0,3_5
2026-05-02,0.7776,1,3_5
2026-05-02,0.1653,0,moneyline
2026-05-02,0.6152,0,moneyline
2026-05-02,0.182,1,moneyline
2026-05-02,0.6531,0,2_5
2026-05-02,0.3469,1,2_5
2026-05-02,0.4393,0,3_5
2026-05-02,0.5607,1,3_5
2026-05-02,0.6873,0,moneyline
2026-05-02,0.1097,0,moneyline
2026-05-02,0.1684,1,moneyline
2026-05-02,0.5838,1,2_5
2026-05-02,0.4162,0,2_5
2026-05-02,0.361,1,3_5
2026-05-02,0.639,0,3_5
2026-05-03,0.5004,1,moneyline
2026-05-03,0.1831,0,moneyline
2026-05-03,0.3153,0,moneyline
2026-05-03,0.2506,1,2_5
2026-05-03,0.7494,0,2_5
2026-05-03,0.0971,1,3_5
2026-05-03,0.9029,0,3_5
2026-05-03,0.6406,0,moneyline
2026-05-03,0.1173,0,moneyline
2026-05-03,0.2349,1,moneyline
2026-05-03,0.3706,0,2_5
2026-05-03,0.6294,1,2_5
2026-05-03,0.1738,0,3_5
2026-05-03,0.8262,1,3_5
2026-05-03,0.4286,1,moneyline
2026-05-03,0.3172,0,moneyline
2026-05-03,0.2463,0,moneyline
2026-05-03,0.5422,1,2_5
2026-05-03,0.4578,0,2_5
2026-05-03,0.3187,1,3_5
2026-05-03,0.6813,0,3_5
2026-05-03,0.4706,1,moneyline
2026-05-03,0.278,0,moneyline
2026-05-03,0.2429,0,moneyline
2026-05-03,0.5361,1,2_5
2026-05-03,0.4639,0,2_5
2026-05-03,0.3129,1,3_5
2026-05-03,0.6871,0,3_5
2026-05-03,0.5359,0,moneyline
2026-05-03,0.2299,1,moneyline
2026-05-03,0.2162,0,moneyline
2026-05-03,0.6063,1,2_5
2026-05-03,0.3937,0,2_5
2026-05-03,0.384,0,3_5
2026-05-03,0.616,1,3_5
2026-05-02,0.4663,0,moneyline
2026-05-02,0.0162,0,moneyline
2026-05-02,0.0307,1,moneyline
2026-05-02,0.4742,1,2_5
2026-05-02,0.5258,0,2_5
2026-05-02,0.4102,1,3_5
2026-05-02,0.5898,0,3_5
2026-05-02,0.5344,0,moneyline
2026-05-02,0.2244,1,moneyline
2026-05-02,0.2293,0,moneyline
2026-05-02,0.5448,1,2_5
2026-05-02,0.4552,0,2_5
2026-05-02,0.321,0,3_5
2026-05-02,0.679,1,3_5
2026-05-02,0.3661,0,moneyline
2026-05-02,0.3949,0,moneyline
2026-05-02,0.2141,1,moneyline
2026-05-02,0.6985,1,2_5
2026-05-02,0.3015,0,2_5
2026-05-02,0.4919,1,3_5
2026-05-02,0.5081,0,3_5
2026-05-02,0.3813,1,moneyline
2026-05-02,0.3719,0,moneyline
2026-05-02,0.235,0,moneyline
2026-05-02,0.6043,1,2_5
2026-05-02,0.3957,0,2_5
2026-05-02,0.3814,1,3_5
2026-05-02,0.6186,0,3_5
2026-05-02,0.3131,0,moneyline
2026-05-02,0.4308,0,moneyline
2026-05-02,0.2489,1,moneyline
2026-05-02,0.5294,1,2_5
2026-05-02,0.4706,0,2_5
2026-05-02,0.3065,1,3_5
2026-05-02,0.6935,0,3_5
2026-05-02,0.3871,0,moneyline
2026-05-02,0.3368,1,moneyline
2026-05-02,0.2727,0,moneyline
2026-05-02,0.4401,1,2_5
2026-05-02,0.5599,0,2_5
2026-05-02,0.2286,1,3_5
2026-05-02,0.7714,0,3_5
2026-05-03,0.5561,0,moneyline
2026-05-03,0.2123,0,moneyline
2026-05-03,0.2126,1,moneyline
2026-05-03,0.6001,0,2_5
2026-05-03,0.3999,1,2_5
2026-05-03,0.3774,0,3_5
2026-05-03,0.6226,1,3_5
2026-05-03,0.1541,1,moneyline
2026-05-03,0.6092,0,moneyline
2026-05-03,0.2264,0,moneyline
2026-05-03,0.4585,0,2_5
2026-05-03,0.5415,1,2_5
2026-05-03,0.2428,0,3_5
2026-05-03,0.7572,1,3_5
2026-05-03,0.1914,0,moneyline
2026-05-03,0.5257,1,moneyline
2026-05-03,0.28,0,moneyline
2026-05-03,0.3385,1,2_5
2026-05-03,0.6615,0,2_5
2026-05-03,0.1522,0,3_5
2026-05-03,0.8478,1,3_5
2026-05-01,0.2922,0,moneyline
2026-05-01,0.3547,1,moneyline
2026-05-01,0.3528,0,moneyline
2026-05-01,0.2158,1,2_5
2026-05-01,0.7842,0,2_5
2026-05-01,0.0782,0,3_5
2026-05-01,0.9218,1,3_5
2026-05-02,0.5562,0,moneyline
2026-05-02,0.1932,0,moneyline
2026-05-02,0.2431,1,moneyline
2026-05-02,0.4552,0,2_5
2026-05-02,0.5448,1,2_5
2026-05-02,0.2404,0,3_5
2026-05-02,0.7596,1,3_5
2026-05-02,0.5434,0,moneyline
2026-05-02,0.2153,0,moneyline
2026-05-02,0.2298,1,moneyline
2026-05-02,0.5321,0,2_5
2026-05-02,0.4679,1,2_5
2026-05-02,0.3089,0,3_5
2026-05-02,0.6911,1,3_5
2026-05-02,0.5599,1,moneyline
2026-05-02,0.2085,0,moneyline
2026-05-02,0.2135,0,moneyline
2026-05-02,0.5907,0,2_5
2026-05-02,0.4093,1,2_5
2026-05-02,0.3674,0,3_5
2026-05-02,0.6326,1,3_5
2026-05-03,0.4241,0,moneyline
2026-05-03,0.3035,0,moneyline
2026-05-03,0.2685,1,moneyline
2026-05-03,0.4475,0,2_5
2026-05-03,0.5525,1,2_5
2026-05-03,0.2346,0,3_5
2026-05-03,0.7654,1,3_5
2026-05-03,0.7543,1,moneyline
2026-05-03,0.0637,0,moneyline
2026-05-03,0.1385,0,moneyline
2026-05-03,0.554,0,2_5
2026-05-03,0.446,1,2_5
2026-05-03,0.3303,0,3_5
2026-05-03,0.6697,1,3_5
2026-05-03,0.812,0,moneyline
2026-05-03,0.0299,0,moneyline
2026-05-03,0.1116,1,moneyline
2026-05-03,0.503,0,2_5
2026-05-03,0.497,1,2_5
2026-05-03,0.2795,0,3_5
2026-05-03,0.7205,1,3_5
2026-05-03,0.2895,1,moneyline
2026-05-03,0.3933,0,moneyline
2026-05-03,0.3162,0,moneyline
2026-05-03,0.2948,0,2_5
2026-05-03,0.7052,1,2_5
2026-05-03,0.124,0,3_5
2026-05-03,0.876,1,3_5
2026-05-04,0.1346,0,moneyline
2026-05-04,0.6034,1,moneyline
2026-05-04,0.2573,0,moneyline
2026-05-04,0.3363,1,2_5
2026-05-04,0.6637,0,2_5
2026-05-04,0.1502,0,3_5
2026-05-04,0.8498,1,3_5
2026-05-04,0.5462,1,moneyline
2026-05-04,0.1966,0,moneyline
2026-05-04,0.2511,0,moneyline
2026-05-04,0.4313,1,2_5
2026-05-04,0.5687,0,2_5
2026-05-04,0.2209,1,3_5
2026-05-04,0.7791,0,3_5
2026-04-24,0.3462,0,moneyline
2026-04-24,0.3615,1,moneyline
2026-04-24,0.2903,0,moneyline
2026-04-24,0.3785,1,2_5
2026-04-24,0.6215,0,2_5
2026-04-24,0.181,1,3_5
2026-04-24,0.819,0,3_5
2026-04-25,0.6893,1,moneyline
2026-04-25,0.1067,0,moneyline
2026-04-25,0.1548,0,moneyline
2026-04-25,0.6292,0,2_5
2026-04-25,0.3708,1,2_5
2026-04-25,0.4133,0,3_5
2026-04-25,0.5867,1,3_5
2026-04-25,0.388,1,moneyline
2026-04-25,0.3511,0,moneyline
2026-04-25,0.255,0,moneyline
2026-04-25,0.5136,0,2_5
2026-04-25,0.4864,1,2_5
2026-04-25,0.292,0,3_5
2026-04-25,0.708,1,3_5
2026-04-25,0.5414,1,moneyline
2026-04-25,0.1962,0,moneyline
2026-04-25,0.2571,0,moneyline
2026-04-25,0.4108,1,2_5
2026-04-25,0.5892,0,2_5
2026-04-25,0.2047,1,3_5
2026-04-25,0.7953,0,3_5
2026-04-25,0.3596,1,moneyline
2026-04-25,0.3672,0,moneyline
2026-04-25,0.2695,0,moneyline
2026-04-25,0.4546,1,2_5
2026-04-25,0.5454,0,2_5
2026-04-25,0.2405,0,3_5
2026-04-25,0.7595,1,3_5
2026-04-25,0.3315,0,moneyline
2026-04-25,0.3987,1,moneyline
2026-04-25,0.2656,0,moneyline
2026-04-25,0.4669,0,2_5
2026-04-25,0.5331,1,2_5
2026-04-25,0.2508,0,3_5
2026-04-25,0.7492,1,3_5
2026-04-27,0.5101,1,moneyline
2026-04-27,0.2434,0,moneyline
2026-04-27,0.2365,0,moneyline
2026-04-27,0.535,1,2_5
2026-04-27,0.465,0,2_5
2026-04-27,0.3117,0,3_5
2026-04-27,0.6883,1,3_5
2026-04-23,0.4976,1,moneyline
2026-04-23,0.2475,0,moneyline
2026-04-23,0.2477,0,moneyline
2026-04-23,0.4936,0,2_5
2026-04-23,0.5064,1,2_5
2026-04-23,0.2737,0,3_5
2026-04-23,0.7263,1,3_5
2026-04-23,0.2666,0,moneyline
2026-04-23,0.4713,0,moneyline
2026-04-23,0.2565,1,moneyline
2026-04-23,0.4739,0,2_5
2026-04-23,0.5261,1,2_5
2026-04-23,0.2566,0,3_5
2026-04-23,0.7434,1,3_5
2026-04-23,0.4755,1,moneyline
2026-04-23,0.2433,0,moneyline
2026-04-23,0.2782,0,moneyline
2026-04-23,0.3833,0,2_5
2026-04-23,0.6167,1,2_5
2026-04-23,0.1843,0,3_5
2026-04-23,0.8157,1,3_5
2026-04-24,0.2314,0,moneyline
2026-04-24,0.5378,0,moneyline
2026-04-24,0.2047,1,moneyline
2026-04-24,0.6571,1,2_5
2026-04-24,0.3429,0,2_5
2026-04-24,0.442,1,3_5
2026-04-24,0.558,0,3_5
2026-04-25,0.0946,0,moneyline
2026-04-25,0.7011,1,moneyline
2026-04-25,0.1845,0,moneyline
2026-04-25,0.4821,1,2_5
2026-04-25,0.5179,0,2_5
2026-04-25,0.2621,0,3_5
2026-04-25,0.7379,1,3_5
2026-04-25,0.5406,1,moneyline
2026-04-25,0.1665,0,moneyline
2026-04-25,0.2906,0,moneyline
2026-04-25,0.2906,1,2_5
2026-04-25,0.7094,0,2_5
2026-04-25,0.1208,1,3_5
2026-04-25,0.8792,0,3_5
2026-04-25,0.3024,0,moneyline
2026-04-25,0.4571,0,moneyline
2026-04-25,0.2241,1,moneyline
2026-04-25,0.6334,1,2_5
2026-04-25,0.3666,0,2_5
2026-04-25,0.4135,1,3_5
2026-04-25,0.5865,0,3_5
2026-04-26,0.5213,0,moneyline
2026-04-26,0.1899,0,moneyline
2026-04-26,0.2862,1,moneyline
2026-04-26,0.3208,1,2_5
2026-04-26,0.6792,0,2_5
2026-04-26,0.1404,1,3_5
2026-04-26,0.8596,0,3_5
2026-04-26,0.4214,0,moneyline
2026-04-26,0.3134,1,moneyline
2026-04-26,0.2601,0,moneyline
2026-04-26,0.4834,1,2_5
2026-04-26,0.5166,0,2_5
2026-04-26,0.2649,1,3_5
2026-04-26,0.7351,0,3_5
2026-04-26,0.6384,0,moneyline
2026-04-26,0.1468,0,moneyline
2026-04-26,0.1767,1,moneyline
2026-04-26,0.638,0,2_5
2026-04-26,0.362,1,2_5
2026-04-26,0.4217,0,3_5
2026-04-26,0.5783,1,3_5
2026-04-26,0.2875,0,moneyline
2026-04-26,0.4313,1,moneyline
2026-04-26,0.2782,0,moneyline
2026-04-26,0.4066,0,2_5
2026-04-26,0.5934,1,2_5
2026-04-26,0.202,0,3_5
2026-04-26,0.798,1,3_5
2026-04-26,0.7329,1,moneyline
2026-04-26,0.0778,0,moneyline
2026-04-26,0.1518,0,moneyline
2026-04-26,0.5531,1,2_5
2026-04-26,0.4469,0,2_5
2026-04-26,0.3292,0,3_5
2026-04-26,0.6708,1,3_5
2026-04-24,0.7361,1,moneyline
2026-04-24,0.0757,0,moneyline
2026-04-24,0.1495,0,moneyline
2026-04-24,0.5549,1,2_5
2026-04-24,0.4451,0,2_5
2026-04-24,0.3311,1,3_5
2026-04-24,0.6689,0,3_5
2026-04-25,0.4146,0,moneyline
2026-04-25,0.3369,0,moneyline
2026-04-25,0.238,1,moneyline
2026-04-25,0.5854,0,2_5
2026-04-25,0.4146,1,2_5
2026-04-25,0.3616,0,3_5
2026-04-25,0.6384,1,3_5
2026-04-25,0.2689,0,moneyline
2026-04-25,0.4953,1,moneyline
2026-04-25,0.2147,0,moneyline
2026-04-25,0.6516,1,2_5
2026-04-25,0.3484,0,2_5
2026-04-25,0.4348,0,3_5
2026-04-25,0.5652,1,3_5
2026-04-25,0.2585,0,moneyline
2026-04-25,0.4992,1,moneyline
2026-04-25,0.2296,0,moneyline
2026-04-25,0.5777,1,2_5
2026-04-25,0.4223,0,2_5
2026-04-25,0.3538,0,3_5
2026-04-25,0.6462,1,3_5
2026-04-25,0.4772,1,moneyline
2026-04-25,0.2567,0,moneyline
2026-04-25,0.2612,0,moneyline
2026-04-25,0.4497,0,2_5
2026-04-25,0.5503,1,2_5
2026-04-25,0.2362,0,3_5
2026-04-25,0.7638,1,3_5
2026-04-25,0.1201,0,moneyline
2026-04-25,0.6684,1,moneyline
2026-04-25,0.1555,0,moneyline
2026-04-25,0.6606,1,2_5
2026-04-25,0.3394,0,2_5
2026-04-25,0.4523,1,3_5
2026-04-25,0.5477,0,3_5
2026-04-25,0.3545,0,moneyline
2026-04-25,0.3976,0,moneyline
2026-04-25,0.237,1,moneyline
2026-04-25,0.5938,0,2_5
2026-04-25,0.4062,1,2_5
2026-04-25,0.3703,0,3_5
2026-04-25,0.6297,1,3_5
2026-04-26,0.6325,1,moneyline
2026-04-26,0.1473,0,moneyline
2026-04-26,0.2011,0,moneyline
2026-04-26,0.5405,1,2_5
2026-04-26,0.4595,0,2_5
2026-04-26,0.3167,1,3_5
2026-04-26,0.6833,0,3_5
2026-04-26,0.6885,0,moneyline
2026-04-26,0.1046,0,moneyline
2026-04-26,0.1477,1,moneyline
2026-04-26,0.6506,0,2_5
2026-04-26,0.3494,1,2_5
2026-04-26,0.4408,0,3_5
2026-04-26,0.5592,1,3_5
2026-04-24,0.6692,1,moneyline
2026-04-24,0.1037,0,moneyline
2026-04-24,0.2172,0,moneyline
2026-04-24,0.3968,1,2_5
2026-04-24,0.6032,0,2_5
2026-04-24,0.1929,1,3_5
2026-04-24,0.8071,0,3_5
2026-04-25,0.2449,0,moneyline
2026-04-25,0.4998,1,moneyline
2026-04-25,0.2484,0,moneyline
2026-04-25,0.489,0,2_5
2026-04-25,0.511,1,2_5
2026-04-25,0.2696,0,3_5
2026-04-25,0.7304,1,3_5
2026-04-25,0.5056,1,moneyline
2026-04-25,0.1966,0,moneyline
2026-04-25,0.2958,0,moneyline
2026-04-25,0.3024,0,2_5
2026-04-25,0.6976,1,2_5
2026-04-25,0.1285,0,3_5
2026-04-25,0.8715,1,3_5
2026-04-25,0.2726,0,moneyline
2026-04-25,0.3842,0,moneyline
2026-04-25,0.3427,1,moneyline
2026-04-25,0.2321,0,2_5
2026-04-25,0.7679,1,2_5
2026-04-25,0.087,0,3_5
2026-04-25,0.913,1,3_5
2026-04-26,0.384,0,moneyline
2026-04-26,0.3474,0,moneyline
2026-04-26,0.2641,1,moneyline
2026-04-26,0.4753,0,2_5
2026-04-26,0.5247,1,2_5
2026-04-26,0.258,0,3_5
2026-04-26,0.742,1,3_5
2026-04-26,0.2032,0,moneyline
2026-04-26,0.564,1,moneyline
2026-04-26,0.2166,0,moneyline
2026-04-26,0.571,0,2_5
2026-04-26,0.429,1,2_5
2026-04-26,0.347,0,3_5
2026-04-26,0.653,1,3_5
2026-04-26,0.2446,0,moneyline
2026-04-26,0.466,0,moneyline
2026-04-26,0.287,1,moneyline
2026-04-26,0.3571,0,2_5
2026-04-26,0.6429,1,2_5
2026-04-26,0.1654,0,3_5
2026-04-26,0.8346,1,3_5
2026-04-26,0.0693,0,moneyline
2026-04-26,0.704,0,moneyline
2026-04-26,0.1078,1,moneyline
2026-04-26,0.6779,1,2_5
2026-04-26,0.3221,0,2_5
2026-04-26,0.4956,1,3_5
2026-04-26,0.5044,0,3_5
2026-04-27,0.1443,1,moneyline
2026-04-27,0.5956,0,moneyline
2026-04-27,0.255,0,moneyline
2026-04-27,0.3552,1,2_5
2026-04-27,0.6448,0,2_5
2026-04-27,0.1633,1,3_5
2026-04-27,0.8367,0,3_5
2026-04-27,0.3438,0,moneyline
2026-04-27,0.3215,0,moneyline
2026-04-27,0.3342,1,moneyline
2026-04-27,0.2561,1,2_5
2026-04-27,0.7439,0,2_5
2026-04-27,0.1006,1,3_5
2026-04-27,0.8994,0,3_5
2026-04-18,0.4642,0,moneyline
2026-04-18,0.2867,0,moneyline
2026-04-18,0.2394,1,moneyline
2026-04-18,0.5565,0,2_5
2026-04-18,0.4435,1,2_5
2026-04-18,0.3326,0,3_5
2026-04-18,0.6674,1,3_5
2026-04-18,0.3564,0,moneyline
2026-04-18,0.4028,1,moneyline
2026-04-18,0.2226,0,moneyline
2026-04-18,0.6596,0,2_5
2026-04-18,0.3404,1,2_5
2026-04-18,0.4436,0,3_5
2026-04-18,0.5564,1,3_5
2026-04-18,0.5652,1,moneyline
2026-04-18,0.1761,0,moneyline
2026-04-18,0.253,0,moneyline
2026-04-18,0.4012,1,2_5
2026-04-18,0.5988,0,2_5
2026-04-18,0.1972,0,3_5
2026-04-18,0.8028,1,3_5
2026-04-18,0.3495,0,moneyline
2026-04-18,0.4019,1,moneyline
2026-04-18,0.2381,0,moneyline
2026-04-18,0.5879,1,2_5
2026-04-18,0.4121,0,2_5
2026-04-18,0.3643,0,3_5
2026-04-18,0.6357,1,3_5
2026-04-18,0.1776,0,moneyline
2026-04-18,0.5714,0,moneyline
2026-04-18,0.244,1,moneyline
2026-04-18,0.4323,1,2_5
2026-04-18,0.5677,0,2_5
2026-04-18,0.2215,1,3_5
2026-04-18,0.7785,0,3_5
2026-04-19,0.4241,1,moneyline
2026-04-19,0.271,0,moneyline
2026-04-19,0.3035,0,moneyline
2026-04-19,0.3229,1,2_5
2026-04-19,0.6771,0,2_5
2026-04-19,0.1421,1,3_5
2026-04-19,0.8579,0,3_5
2026-04-19,0.3863,0,moneyline
2026-04-19,0.3463,1,moneyline
2026-04-19,0.2629,0,moneyline
2026-04-19,0.4802,1,2_5
2026-04-19,0.5198,0,2_5
2026-04-19,0.2622,0,3_5
2026-04-19,0.7378,1,3_5
2026-04-19,0.4152,1,moneyline
2026-04-19,0.3159,0,moneyline
2026-04-19,0.2645,0,moneyline
2026-04-19,0.467,1,2_5
2026-04-19,0.533,0,2_5
2026-04-19,0.2509,0,3_5
2026-04-19,0.7491,1,3_5
2026-04-19,0.5798,1,moneyline
2026-04-19,0.1728,0,moneyline
2026-04-19,0.2396,0,moneyline
2026-04-19,0.4409,1,2_5
2026-04-19,0.5591,0,2_5
2026-04-19,0.2284,1,3_5
2026-04-19,0.7716,0,3_5
2026-04-20,0.3906,0,moneyline
2026-04-20,0.3393,0,moneyline
2026-04-20,0.2659,1,moneyline
2026-04-20,0.4668,0,2_5
2026-04-20,0.5332,1,2_5
2026-04-20,0.2507,0,3_5
2026-04-20,0.7493,1,3_5
2026-04-21,0.3538,1,moneyline
2026-04-21,0.3713,0,moneyline
2026-04-21,0.2713,0,moneyline
2026-04-21,0.4472,0,2_5
2026-04-21,0.5528,1,2_5
2026-04-21,0.2344,0,3_5
2026-04-21,0.7656,1,3_5
2026-04-21,0.4856,0,moneyline
2026-04-21,0.2249,1,moneyline
2026-04-21,0.2871,0,moneyline
2026-04-21,0.3446,1,2_5
2026-04-21,0.6554,0,2_5
2026-04-21,0.1566,1,3_5
2026-04-21,0.8434,0,3_5
2026-04-21,0.5289,0,moneyline
2026-04-21,0.2227,0,moneyline
2026-04-21,0.2395,1,moneyline
2026-04-21,0.502,0,2_5
2026-04-21,0.498,1,2_5
2026-04-21,0.2811,0,3_5
2026-04-21,0.7189,1,3_5
2026-04-21,0.6957,1,moneyline
2026-04-21,0.0868,0,moneyline
2026-04-21,0.1251,0,moneyline
2026-04-21,0.6786,1,2_5
2026-04-21,0.3214,0,2_5
2026-04-21,0.4864,0,3_5
2026-04-21,0.5136,1,3_5
2026-04-22,0.715,1,moneyline
2026-04-22,0.0568,0,moneyline
2026-04-22,0.097,0,moneyline
2026-04-22,0.6683,0,2_5
2026-04-22,0.3317,1,2_5
2026-04-22,0.4871,0,3_5
2026-04-22,0.5129,1,3_5
2026-04-22,0.3159,1,moneyline
2026-04-22,0.4222,0,moneyline
2026-04-22,0.2562,0,moneyline
2026-04-22,0.5,1,2_5
2026-04-22,0.5,0,2_5
2026-04-22,0.2796,1,3_5
2026-04-22,0.7204,0,3_5
2026-04-22,0.4694,0,moneyline
2026-04-22,0.2439,1,moneyline
2026-04-22,0.2842,0,moneyline
2026-04-22,0.3652,0,2_5
2026-04-22,0.6348,1,2_5
2026-04-22,0.1711,0,3_5
2026-04-22,0.8289,1,3_5
2026-04-17,0.6799,1,moneyline
2026-04-17,0.1143,0,moneyline
2026-04-17,0.1604,0,moneyline
2026-04-17,0.6274,1,2_5
2026-04-17,0.3726,0,2_5
2026-04-17,0.4106,1,3_5
2026-04-17,0.5894,0,3_5
2026-04-18,0.3163,0,moneyline
2026-04-18,0.3102,0,moneyline
2026-04-18,0.3733,1,moneyline
2026-04-18,0.1813,0,2_5
2026-04-18,0.8187,1,2_5
2026-04-18,0.0606,0,3_5
2026-04-18,0.9394,1,3_5
2026-04-18,0.7472,0,moneyline
2026-04-18,0.0645,0,moneyline
2026-04-18,0.1257,1,moneyline
2026-04-18,0.6057,0,2_5
2026-04-18,0.3943,1,2_5
2026-04-18,0.3882,0,3_5
2026-04-18,0.6118,1,3_5
2026-04-18,0.3702,1,moneyline
2026-04-18,0.3827,0,moneyline
2026-04-18,0.2357,0,moneyline
2026-04-18,0.6011,0,2_5
2026-04-18,0.3989,1,2_5
2026-04-18,0.3781,0,3_5
2026-04-18,0.6219,1,3_5
2026-04-19,0.2086,0,moneyline
2026-04-19,0.539,1,moneyline
2026-04-19,0.2451,0,moneyline
2026-04-19,0.4656,1,2_5
2026-04-19,0.5344,0,2_5
2026-04-19,0.2492,1,3_5
2026-04-19,0.7508,0,3_5
2026-04-19,0.5694,0,moneyline
2026-04-19,0.1674,0,moneyline
2026-04-19,0.2583,1,moneyline
2026-04-19,0.3748,1,2_5
2026-04-19,0.6252,0,2_5
2026-04-19,0.1775,1,3_5
2026-04-19,0.8225,0,3_5
2026-04-19,0.2797,0,moneyline
2026-04-19,0.4471,0,moneyline
2026-04-19,0.2694,1,moneyline
2026-04-19,0.4337,0,2_5
2026-04-19,0.5663,1,2_5
2026-04-19,0.2233,0,3_5
2026-04-19,0.7767,1,3_5
2026-04-19,0.6234,0,moneyline
2026-04-19,0.1488,1,moneyline
2026-04-19,0.2141,0,moneyline
2026-04-19,0.4939,1,2_5
2026-04-19,0.5061,0,2_5
2026-04-19,0.2733,0,3_5
2026-04-19,0.7267,1,3_5
2026-04-19,0.4853,0,moneyline
2026-04-19,0.2755,1,moneyline
2026-04-19,0.2229,0,moneyline
2026-04-19,0.6209,1,2_5
2026-04-19,0.3791,0,2_5
2026-04-19,0.3997,0,3_5
2026-04-19,0.6003,1,3_5
2026-04-22,0.7785,1,moneyline
2026-04-22,0.0372,0,moneyline
2026-04-22,0.0933,0,moneyline
2026-04-22,0.6054,1,2_5
2026-04-22,0.3946,0,2_5
2026-04-22,0.3928,0,3_5
2026-04-22,0.6072,1,3_5
2026-04-17,0.268,0,moneyline
2026-04-17,0.4622,0,moneyline
2026-04-17,0.2654,1,moneyline
2026-04-17,0.4417,0,2_5
2026-04-17,0.5583,1,2_5
2026-04-17,0.2297,0,3_5
2026-04-17,0.7703,1,3_5
2026-04-18,0.2767,0,moneyline
2026-04-18,0.479,1,moneyline
2026-04-18,0.2324,0,moneyline
2026-04-18,0.5802,1,2_5
2026-04-18,0.4198,0,2_5
2026-04-18,0.3563,1,3_5
2026-04-18,0.6437,0,3_5
2026-04-18,0.2422,1,moneyline
2026-04-18,0.5228,0,moneyline
2026-04-18,0.2165,0,moneyline
2026-04-18,0.6184,1,2_5
2026-04-18,0.3816,0,2_5
2026-04-18,0.3971,0,3_5
2026-04-18,0.6029,1,3_5
2026-04-18,0.6587,0,moneyline
2026-04-18,0.1311,1,moneyline
2026-04-18,0.1726,0,moneyline
2026-04-18,0.62,1,2_5
2026-04-18,0.38,0,2_5
2026-04-18,0.4011,0,3_5
2026-04-18,0.5989,1,3_5
2026-04-18,0.4467,0,moneyline
2026-04-18,0.3042,1,moneyline
2026-04-18,0.2392,0,moneyline
2026-04-18,0.5673,1,2_5
2026-04-18,0.4327,0,2_5
2026-04-18,0.3433,0,3_5
2026-04-18,0.6567,1,3_5
2026-04-18,0.3507,1,moneyline
2026-04-18,0.3575,0,moneyline
2026-04-18,0.2897,0,moneyline
2026-04-18,0.3806,1,2_5
2026-04-18,0.6194,0,2_5
2026-04-18,0.1825,1,3_5
2026-04-18,0.8175,0,3_5
2026-04-19,0.6187,1,moneyline
2026-04-19,0.1242,0,moneyline
2026-04-19,0.1325,0,moneyline
2026-04-19,0.7298,1,2_5
2026-04-19,0.2702,0,2_5
2026-04-19,0.5763,1,3_5
2026-04-19,0.4237,0,3_5
2026-04-19,0.584,1,moneyline
2026-04-19,0.1911,0,moneyline
2026-04-19,0.1979,0,moneyline
2026-04-19,0.6314,1,2_5
2026-04-19,0.3686,0,2_5
2026-04-19,0.4126,0,3_5
2026-04-19,0.5874,1,3_5
2026-04-19,0.335,0,moneyline
2026-04-19,0.3819,0,moneyline
2026-04-19,0.2805,1,moneyline
2026-04-19,0.4116,0,2_5
2026-04-19,0.5884,1,2_5
2026-04-19,0.206,0,3_5
2026-04-19,0.794,1,3_5
2026-04-17,0.747,1,moneyline
2026-04-17,0.0493,0,moneyline
2026-04-17,0.0982,0,moneyline
2026-04-17,0.6413,1,2_5
2026-04-17,0.3587,0,2_5
2026-04-17,0.4412,0,3_5
2026-04-17,0.5588,1,3_5
2026-04-17,0.1632,1,moneyline
2026-04-17,0.6134,0,moneyline
2026-04-17,0.204,0,moneyline
2026-04-17,0.5589,1,2_5
2026-04-17,0.4411,0,2_5
2026-04-17,0.3349,0,3_5
2026-04-17,0.6651,1,3_5
2026-04-18,0.4803,0,moneyline
2026-04-18,0.2172,1,moneyline
2026-04-18,0.3009,0,moneyline
2026-04-18,0.3036,0,2_5
2026-04-18,0.6964,1,2_5
2026-04-18,0.1293,0,3_5
2026-04-18,0.8707,1,3_5
2026-04-18,0.3334,0,moneyline
2026-04-18,0.3746,0,moneyline
2026-04-18,0.2901,1,moneyline
2026-04-18,0.3784,0,2_5
2026-04-18,0.6216,1,2_5
2026-04-18,0.181,0,3_5
2026-04-18,0.819,1,3_5
2026-04-18,0.6107,0,moneyline
2026-04-18,0.1327,1,moneyline
2026-04-18,0.2513,0,moneyline
2026-04-18,0.3495,0,2_5
2026-04-18,0.6505,1,2_5
2026-04-18,0.1592,0,3_5
2026-04-18,0.8408,1,3_5
2026-04-19,0.2472,0,moneyline
2026-04-19,0.4973,0,moneyline
2026-04-19,0.2485,1,moneyline
2026-04-19,0.4904,0,2_5
2026-04-19,0.5096,1,2_5
2026-04-19,0.2708,0,3_5
2026-04-19,0.7292,1,3_5
2026-04-19,0.6644,1,moneyline
2026-04-19,0.1228,0,moneyline
2026-04-19,0.1924,0,moneyline
2026-04-19,0.5221,0,2_5
2026-04-19,0.4779,1,2_5
2026-04-19,0.2989,0,3_5
2026-04-19,0.7011,1,3_5
2026-04-19,0.1559,0,moneyline
2026-04-19,0.6035,1,moneyline
2026-04-19,0.2315,0,moneyline
2026-04-19,0.4439,1,2_5
2026-04-19,0.5561,0,2_5
2026-04-19,0.2307,0,3_5
2026-04-19,0.7693,1,3_5
2026-04-19,0.1038,0,moneyline
2026-04-19,0.6693,1,moneyline
2026-04-19,0.2169,0,moneyline
2026-04-19,0.3979,0,2_5
2026-04-19,0.6021,1,2_5
2026-04-19,0.1937,0,3_5
2026-04-19,0.8063,1,3_5
2026-04-20,0.1998,0,moneyline
2026-04-20,0.5009,0,moneyline
2026-04-20,0.2975,1,moneyline
2026-04-20,0.3005,0,2_5
2026-04-20,0.6995,1,2_5
2026-04-20,0.1273,0,3_5
2026-04-20,0.8727,1,3_5
2026-04-10,0.4201,1,moneyline
2026-04-10,0.3027,0,moneyline
2026-04-10,0.2739,0,moneyline
2026-04-10,0.4273,1,2_5
2026-04-10,0.5727,0,2_5
2026-04-10,0.2182,1,3_5
2026-04-10,0.7818,0,3_5
2026-04-11,0.6937,0,moneyline
2026-04-11,0.1042,1,moneyline
2026-04-11,0.1737,0,moneyline
2026-04-11,0.5479,1,2_5
2026-04-11,0.4521,0,2_5
2026-04-11,0.3238,0,3_5
2026-04-11,0.6762,1,3_5
2026-04-11,0.3657,0,moneyline
2026-04-11,0.3522,0,moneyline
2026-04-11,0.2794,1,moneyline
2026-04-11,0.4168,1,2_5
2026-04-11,0.5832,0,2_5
2026-04-11,0.21,1,3_5
2026-04-11,0.79,0,3_5
2026-04-11,0.1828,0,moneyline
2026-04-11,0.5728,1,moneyline
2026-04-11,0.2354,0,moneyline
2026-04-11,0.4693,0,2_5
2026-04-11,0.5307,1,2_5
2026-04-11,0.2522,0,3_5
2026-04-11,0.7478,1,3_5
2026-04-11,0.4722,1,moneyline
2026-04-11,0.2846,0,moneyline
2026-04-11,0.2301,0,moneyline
2026-04-11,0.5956,0,2_5
2026-04-11,0.4044,1,2_5
2026-04-11,0.3724,0,3_5
2026-04-11,0.6276,1,3_5
2026-04-12,0.2866,0,moneyline
2026-04-12,0.4662,1,moneyline
2026-04-12,0.2366,0,moneyline
2026-04-12,0.5686,1,2_5
2026-04-12,0.4314,0,2_5
2026-04-12,0.3446,0,3_5
2026-04-12,0.6554,1,3_5
2026-04-12,0.3617,1,moneyline
2026-04-12,0.3691,0,moneyline
2026-04-12,0.2649,0,moneyline
2026-04-12,0.4731,1,2_5
2026-04-12,0.5269,0,2_5
2026-04-12,0.2561,0,3_5
2026-04-12,0.7439,1,3_5
2026-04-12,0.3598,0,moneyline
2026-04-12,0.3471,0,moneyline
2026-04-12,0.2912,1,moneyline
2026-04-12,0.3756,0,2_5
2026-04-12,0.6244,1,2_5
2026-04-12,0.1789,0,3_5
2026-04-12,0.8211,1,3_5
2026-04-12,0.4942,1,moneyline
2026-04-12,0.236,0,moneyline
2026-04-12,0.2655,0,moneyline
2026-04-12,0.4194,0,2_5
2026-04-12,0.5806,1,2_5
2026-04-12,0.2118,0,3_5
2026-04-12,0.7882,1,3_5
2026-04-13,0.5631,0,moneyline
2026-04-13,0.2024,1,moneyline
2026-04-13,0.2199,0,moneyline
2026-04-13,0.5563,1,2_5
2026-04-13,0.4437,0,2_5
2026-04-13,0.3322,0,3_5
2026-04-13,0.6678,1,3_5
2026-04-10,0.6653,0,moneyline
2026-04-10,0.122,0,moneyline
2026-04-10,0.1924,1,moneyline
2026-04-10,0.5205,0,2_5
2026-04-10,0.4795,1,2_5
2026-04-10,0.2974,0,3_5
2026-04-10,0.7026,1,3_5
2026-04-11,0.74,1,moneyline
2026-04-11,0.0319,0,moneyline
2026-04-11,0.0723,0,moneyline
2026-04-11,0.6388,1,2_5
2026-04-11,0.3612,0,2_5
2026-04-11,0.4556,1,3_5
2026-04-11,0.5444,0,3_5
2026-04-11,0.4539,1,moneyline
2026-04-11,0.292,0,moneyline
2026-04-11,0.2463,0,moneyline
2026-04-11,0.5306,0,2_5
2026-04-11,0.4694,1,2_5
2026-04-11,0.3077,0,3_5
2026-04-11,0.6923,1,3_5
2026-04-11,0.2369,1,moneyline
2026-04-11,0.5141,0,moneyline
2026-04-11,0.2402,0,moneyline
2026-04-11,0.514,1,2_5
2026-04-11,0.486,0,2_5
2026-04-11,0.292,0,3_5
2026-04-11,0.708,1,3_5
2026-04-11,0.6253,0,moneyline
2026-04-11,0.1553,0,moneyline
2026-04-11,0.1717,1,moneyline
2026-04-11,0.6746,1,2_5
2026-04-11,0.3254,0,2_5
2026-04-11,0.4677,1,3_5
2026-04-11,0.5323,0,3_5
2026-04-12,0.2937,0,moneyline
2026-04-12,0.4504,1,moneyline
2026-04-12,0.2487,0,moneyline
2026-04-12,0.5214,1,2_5
2026-04-12,0.4786,0,2_5
2026-04-12,0.299,0,3_5
2026-04-12,0.701,1,3_5
2026-04-12,0.7159,0,moneyline
2026-04-12,0.0894,1,moneyline
2026-04-12,0.1582,0,moneyline
2026-04-12,0.5659,1,2_5
2026-04-12,0.4341,0,2_5
2026-04-12,0.3424,0,3_5
2026-04-12,0.6576,1,3_5
2026-04-12,0.4143,1,moneyline
2026-04-12,0.2836,0,moneyline
2026-04-12,0.3006,0,moneyline
2026-04-12,0.3352,1,2_5
2026-04-12,0.6648,0,2_5
2026-04-12,0.1504,0,3_5
2026-04-12,0.8496,1,3_5
2026-04-12,0.5023,0,moneyline
2026-04-12,0.2348,0,moneyline
2026-04-12,0.2575,1,moneyline
2026-04-12,0.4464,0,2_5
2026-04-12,0.5536,1,2_5
2026-04-12,0.2334,0,3_5
2026-04-12,0.7666,1,3_5
2026-04-13,0.2991,1,moneyline
2026-04-13,0.357,0,moneyline
2026-04-13,0.3434,0,moneyline
2026-04-13,0.2346,0,2_5
2026-04-13,0.7654,1,2_5
2026-04-13,0.0884,0,3_5
2026-04-13,0.9116,1,3_5
2026-04-10,0.7313,1,moneyline
2026-04-10,0.0735,0,moneyline
2026-04-10,0.1289,0,moneyline
2026-04-10,0.6259,1,2_5
2026-04-10,0.3741,0,2_5
2026-04-10,0.4125,1,3_5
2026-04-10,0.5875,0,3_5
2026-04-10,0.2284,1,moneyline
2026-04-10,0.5133,0,moneyline
2026-04-10,0.2521,0,moneyline
2026-04-10,0.4603,1,2_5
2026-04-10,0.5397,0,2_5
2026-04-10,0.2449,1,3_5
2026-04-10,0.7551,0,3_5
2026-04-11,0.5458,0,moneyline
2026-04-11,0.17,0,moneyline
2026-04-11,0.2813,1,moneyline
2026-04-11,0.3156,0,2_5
2026-04-11,0.6844,1,2_5
2026-04-11,0.1368,0,3_5
2026-04-11,0.8632,1,3_5
2026-04-11,0.6974,1,moneyline
2026-04-11,0.0986,0,moneyline
2026-04-11,0.1827,0,moneyline
2026-04-11,0.4992,1,2_5
2026-04-11,0.5008,0,2_5
2026-04-11,0.2774,0,3_5
2026-04-11,0.7226,1,3_5
2026-04-12,0.4683,1,moneyline
2026-04-12,0.2618,0,moneyline
2026-04-12,0.2656,0,moneyline
2026-04-12,0.4375,0,2_5
2026-04-12,0.5625,1,2_5
2026-04-12,0.2263,0,3_5
2026-04-12,0.7737,1,3_5
2026-04-12,0.3776,0,moneyline
2026-04-12,0.3299,0,moneyline
2026-04-12,0.2905,1,moneyline
2026-04-12,0.3764,0,2_5
2026-04-12,0.6236,1,2_5
2026-04-12,0.1795,0,3_5
2026-04-12,0.8205,1,3_5
2026-04-12,0.3304,0,moneyline
2026-04-12,0.3797,1,moneyline
2026-04-12,0.2878,0,moneyline
2026-04-12,0.3857,1,2_5
2026-04-12,0.6143,0,2_5
2026-04-12,0.1863,1,3_5
2026-04-12,0.8137,0,3_5
2026-04-10,0.3059,0,moneyline
2026-04-10,0.4474,0,moneyline
2026-04-10,0.2354,1,moneyline
2026-04-10,0.5848,1,2_5
2026-04-10,0.4152,0,2_5
2026-04-10,0.361,1,3_5
2026-04-10,0.639,0,3_5
2026-04-11,0.5887,0,moneyline
2026-04-11,0.1874,1,moneyline
2026-04-11,0.1886,0,moneyline
2026-04-11,0.6639,0,2_5
2026-04-11,0.3361,1,2_5
2026-04-11,0.4518,0,3_5
2026-04-11,0.5482,1,3_5
2026-04-11,0.3781,1,moneyline
2026-04-11,0.3589,0,moneyline
2026-04-11,0.2576,0,moneyline
2026-04-11,0.5033,1,2_5
2026-04-11,0.4967,0,2_5
2026-04-11,0.2826,1,3_5
2026-04-11,0.7174,0,3_5
2026-04-11,0.6626,1,moneyline
2026-04-11,0.1282,0,moneyline
2026-04-11,0.1719,0,moneyline
2026-04-11,0.616,0,2_5
2026-04-11,0.384,1,2_5
2026-04-11,0.3965,0,3_5
2026-04-11,0.6035,1,3_5
2026-04-11,0.0606,0,moneyline
2026-04-11,0.7498,1,moneyline
2026-04-11,0.1191,0,moneyline
2026-04-11,0.6147,1,2_5
2026-04-11,0.3853,0,2_5
2026-04-11,0.4,1,3_5
2026-04-11,0.6,0,3_5
2026-04-11,0.2857,0,moneyline
2026-04-11,0.4783,1,moneyline
2026-04-11,0.2052,0,moneyline
2026-04-11,0.7047,1,2_5
2026-04-11,0.2953,0,2_5
2026-04-11,0.5012,0,3_5
2026-04-11,0.4988,1,3_5
2026-04-12,0.4754,1,moneyline
2026-04-12,0.2637,0,moneyline
2026-04-12,0.2551,0,moneyline
2026-04-12,0.4774,1,2_5
2026-04-12,0.5226,0,2_5
2026-04-12,0.2596,1,3_5
2026-04-12,0.7404,0,3_5
2026-04-12,0.4952,0,moneyline
2026-04-12,0.2518,1,moneyline
2026-04-12,0.2453,0,moneyline
2026-04-12,0.507,0,2_5
2026-04-12,0.493,1,2_5
2026-04-12,0.2858,0,3_5
2026-04-12,0.7142,1,3_5
2026-04-12,0.6025,1,moneyline
2026-04-12,0.1719,0,moneyline
2026-04-12,0.2069,0,moneyline
2026-04-12,0.5624,1,2_5
2026-04-12,0.4376,0,2_5
2026-04-12,0.3383,1,3_5
2026-04-12,0.6617,0,3_5
2026-04-10,0.7356,1,moneyline
2026-04-10,0.076,0,moneyline
2026-04-10,0.1488,0,moneyline
2026-04-10,0.5585,1,2_5
2026-04-10,0.4415,0,2_5
2026-04-10,0.3348,0,3_5
2026-04-10,0.6652,1,3_5
2026-04-11,0.3749,0,moneyline
2026-04-11,0.3434,1,moneyline
2026-04-11,0.2788,0,moneyline
2026-04-11,0.4184,0,2_5
2026-04-11,0.5816,1,2_5
2026-04-11,0.2113,0,3_5
2026-04-11,0.7887,1,3_5
2026-04-11,0.4829,1,moneyline
2026-04-11,0.2382,0,moneyline
2026-04-11,0.2757,0,moneyline
2026-04-11,0.3878,0,2_5
2026-04-11,0.6122,1,2_5
2026-04-11,0.1876,0,3_5
2026-04-11,0.8124,1,3_5
2026-04-11,0.5015,0,moneyline
2026-04-11,0.2039,1,moneyline
2026-04-11,0.2924,0,moneyline
2026-04-11,0.3159,1,2_5
2026-04-11,0.6841,0,2_5
2026-04-11,0.1372,0,3_5
2026-04-11,0.8628,1,3_5
2026-04-11,0.6253,1,moneyline
2026-04-11,0.152,0,moneyline
2026-04-11,0.2049,0,moneyline
2026-04-11,0.5347,1,2_5
2026-04-11,0.4653,0,2_5
2026-04-11,0.3111,0,3_5
2026-04-11,0.6889,1,3_5
2026-04-12,0.4746,1,moneyline
2026-04-12,0.2282,0,moneyline
2026-04-12,0.2953,0,moneyline
2026-04-12,0.3245,0,2_5
2026-04-12,0.6755,1,2_5
2026-04-12,0.143,0,3_5
2026-04-12,0.857,1,3_5
2026-04-12,0.3841,0,moneyline
2026-04-12,0.3476,1,moneyline
2026-04-12,0.2639,0,moneyline
2026-04-12,0.476,1,2_5
2026-04-12,0.524,0,2_5
2026-04-12,0.2586,1,3_5
2026-04-12,0.7414,0,3_5
2026-04-12,0.3811,1,moneyline
2026-04-12,0.3496,0,moneyline
2026-04-12,0.265,0,moneyline
2026-04-12,0.4717,1,2_5
2026-04-12,0.5283,0,2_5
2026-04-12,0.2549,0,3_5
2026-04-12,0.7451,1,3_5
2026-04-12,0.141,0,moneyline
2026-04-12,0.6017,0,moneyline
2026-04-12,0.2519,1,moneyline
2026-04-12,0.3593,0,2_5
2026-04-12,0.6407,1,2_5
2026-04-12,0.1661,0,3_5
2026-04-12,0.8339,1,3_5
2026-04-13,0.3571,1,moneyline
2026-04-13,0.3363,0,moneyline
2026-04-13,0.3052,0,moneyline
2026-04-13,0.3314,0,2_5
2026-04-13,0.6686,1,2_5
2026-04-13,0.1479,0,3_5
2026-04-13,0.8521,1,3_5
2026-04-03,0.5079,1,moneyline
2026-04-03,0.2234,0,moneyline
2026-04-03,0.2643,0,moneyline
2026-04-03,0.4132,0,2_5
2026-04-03,0.5868,1,2_5
2026-04-03,0.2069,0,3_5
2026-04-03,0.7931,1,3_5
2026-04-04,0.3001,0,moneyline
2026-04-04,0.4444,1,moneyline
2026-04-04,0.2481,0,moneyline
2026-04-04,0.527,1,2_5
2026-04-04,0.473,0,2_5
2026-04-04,0.3043,0,3_5
2026-04-04,0.6957,1,3_5
2026-04-04,0.6241,0,moneyline
2026-04-04,0.1584,0,moneyline
2026-04-04,0.1843,1,moneyline
2026-04-04,0.6304,0,2_5
2026-04-04,0.3696,1,2_5
2026-04-04,0.4123,0,3_5
2026-04-04,0.5877,1,3_5
2026-04-04,0.1601,1,moneyline
2026-04-04,0.6203,0,moneyline
2026-04-04,0.1947,0,moneyline
2026-04-04,0.5913,1,2_5
2026-04-04,0.4087,0,2_5
2026-04-04,0.3684,0,3_5
2026-04-04,0.6316,1,3_5
2026-04-04,0.6204,1,moneyline
2026-04-04,0.1612,0,moneyline
2026-04-04,0.1814,0,moneyline
2026-04-04,0.6478,0,2_5
2026-04-04,0.3522,1,2_5
2026-04-04,0.4329,0,3_5
2026-04-04,0.5671,1,3_5
2026-04-05,0.3769,0,moneyline
2026-04-05,0.3528,0,moneyline
2026-04-05,0.2661,1,moneyline
2026-04-05,0.4677,1,2_5
2026-04-05,0.5323,0,2_5
2026-04-05,0.2515,1,3_5
2026-04-05,0.7485,0,3_5
2026-04-05,0.4791,1,moneyline
2026-04-05,0.1981,0,moneyline
2026-04-05,0.3217,0,moneyline
2026-04-05,0.2467,0,2_5
2026-04-05,0.7533,1,2_5
2026-04-05,0.095,0,3_5
2026-04-05,0.905,1,3_5
2026-04-05,0.3906,1,moneyline
2026-04-05,0.3408,0,moneyline
2026-04-05,0.2642,0,moneyline
2026-04-05,0.4738,0,2_5
2026-04-05,0.5262,1,2_5
2026-04-05,0.2567,0,3_5
2026-04-05,0.7433,1,3_5
2026-04-05,0.3861,0,moneyline
2026-04-05,0.3423,1,moneyline
2026-04-05,0.2677,0,moneyline
2026-04-05,0.4605,1,2_5
2026-04-05,0.5395,0,2_5
2026-04-05,0.2454,1,3_5
2026-04-05,0.7546,0,3_5
2026-04-06,0.3561,1,moneyline
2026-04-06,0.3764,0,moneyline
2026-04-06,0.2629,0,moneyline
2026-04-06,0.481,0,2_5
2026-04-06,0.519,1,2_5
2026-04-06,0.2629,0,3_5
2026-04-06,0.7371,1,3_5
2026-04-03,0.6881,1,moneyline
2026-04-03,0.1078,0,moneyline
2026-04-03,0.1774,0,moneyline
2026-04-03,0.5431,1,2_5
2026-04-03,0.4569,0,2_5
2026-04-03,0.3191,1,3_5
2026-04-03,0.6809,0,3_5
2026-04-04,0.3217,0,moneyline
2026-04-04,0.4098,1,moneyline
2026-04-04,0.2641,0,moneyline
2026-04-04,0.4701,1,2_5
2026-04-04,0.5299,0,2_5
2026-04-04,0.2535,1,3_5
2026-04-04,0.7465,0,3_5
2026-04-04,0.2443,1,moneyline
2026-04-04,0.5019,0,moneyline
2026-04-04,0.2464,0,moneyline
2026-04-04,0.4963,1,2_5
2026-04-04,0.5037,0,2_5
2026-04-04,0.2761,0,3_5
2026-04-04,0.7239,1,3_5
2026-04-04,0.6873,1,moneyline
2026-04-04,0.109,0,moneyline
2026-04-04,0.1592,0,moneyline
2026-04-04,0.6181,1,2_5
2026-04-04,0.3819,0,2_5
2026-04-04,0.3998,1,3_5
2026-04-04,0.6002,0,3_5
2026-04-05,0.1962,0,moneyline
2026-04-05,0.5288,0,moneyline
2026-04-05,0.2713,1,moneyline
2026-04-05,0.3672,0,2_5
2026-04-05,0.6328,1,2_5
2026-04-05,0.1723,0,3_5
2026-04-05,0.8277,1,3_5
2026-04-05,0.3013,0,moneyline
2026-04-05,0.3198,0,moneyline
2026-04-05,0.3787,1,moneyline
2026-04-05,0.1728,0,2_5
2026-04-05,0.8272,1,2_5
2026-04-05,0.0566,0,3_5
2026-04-05,0.9434,1,3_5
2026-04-05,0.5357,0,moneyline
2026-04-05,0.2136,0,moneyline
2026-04-05,0.2428,1,moneyline
2026-04-05,0.4796,0,2_5
2026-04-05,0.5204,1,2_5
2026-04-05,0.2613,0,3_5
2026-04-05,0.7387,1,3_5
2026-04-05,0.418,0,moneyline
2026-04-05,0.3223,0,moneyline
2026-04-05,0.2535,1,moneyline
2026-04-05,0.5134,0,2_5
2026-04-05,0.4866,1,2_5
2026-04-05,0.2917,0,3_5
2026-04-05,0.7083,1,3_5
2026-04-05,0.5494,1,moneyline
2026-04-05,0.2214,0,moneyline
2026-04-05,0.1995,0,moneyline
2026-04-05,0.6669,1,2_5
2026-04-05,0.3331,0,2_5
2026-04-05,0.4543,0,3_5
2026-04-05,0.5457,1,3_5
2026-04-04,0.0852,0,moneyline
2026-04-04,0.6875,1,moneyline
2026-04-04,0.1196,0,moneyline
2026-04-04,0.6891,1,2_5
2026-04-04,0.3109,0,2_5
2026-04-04,0.5068,1,3_5
2026-04-04,0.4932,0,3_5
2026-04-04,0.4929,0,moneyline
2026-04-04,0.2441,0,moneyline
2026-04-04,0.2576,1,moneyline
2026-04-04,0.4535,0,2_5
2026-04-04,0.5465,1,2_5
2026-04-04,0.2393,0,3_5
2026-04-04,0.7607,1,3_5
2026-04-04,0.5043,0,moneyline
2026-04-04,0.2547,1,moneyline
2026-04-04,0.2277,0,moneyline
2026-04-04,0.5825,1,2_5
2026-04-04,0.4175,0,2_5
2026-04-04,0.3587,0,3_5
2026-04-04,0.6413,1,3_5
2026-04-04,0.701,1,moneyline
2026-04-04,0.0955,0,moneyline
2026-04-04,0.143,0,moneyline
2026-04-04,0.6428,1,2_5
2026-04-04,0.3572,0,2_5
2026-04-04,0.4315,1,3_5
2026-04-04,0.5685,0,3_5
2026-04-04,0.5859,0,moneyline
2026-04-04,0.188,0,moneyline
2026-04-04,0.2041,1,moneyline
2026-04-04,0.6006,1,2_5
2026-04-04,0.3994,0,2_5
2026-04-04,0.3782,1,3_5
2026-04-04,0.6218,0,3_5
2026-04-04,0.4027,0,moneyline
2026-04-04,0.3584,1,moneyline
2026-04-04,0.2127,0,moneyline
2026-04-04,0.7036,0,2_5
2026-04-04,0.2964,1,2_5
2026-04-04,0.4987,0,3_5
2026-04-04,0.5013,1,3_5
2026-04-04,0.189,0,moneyline
2026-04-04,0.5697,1,moneyline
2026-04-04,0.2311,0,moneyline
2026-04-04,0.4935,1,2_5
2026-04-04,0.5065,0,2_5
2026-04-04,0.2733,0,3_5
2026-04-04,0.7267,1,3_5
2026-04-05,0.5409,0,moneyline
2026-04-05,0.2271,0,moneyline
2026-04-05,0.2108,1,moneyline
2026-04-05,0.626,1,2_5
2026-04-05,0.374,0,2_5
2026-04-05,0.4058,1,3_5
2026-04-05,0.5942,0,3_5
2026-04-05,0.4357,0,moneyline
2026-04-05,0.2499,0,moneyline
2026-04-05,0.3132,1,moneyline
2026-04-05,0.2898,0,2_5
2026-04-05,0.7102,1,2_5
2026-04-05,0.1208,0,3_5
2026-04-05,0.8792,1,3_5
2026-04-04,0.5275,0,moneyline
2026-04-04,0.1552,0,moneyline
2026-04-04,0.3159,1,moneyline
2026-04-04,0.2309,0,2_5
2026-04-04,0.7691,1,2_5
2026-04-04,0.0859,0,3_5
2026-04-04,0.9141,1,3_5
2026-04-04,0.4789,1,moneyline
2026-04-04,0.2528,0,moneyline
2026-04-04,0.2638,0,moneyline
2026-04-04,0.4378,1,2_5
2026-04-04,0.5622,0,2_5
2026-04-04,0.2265,0,3_5
2026-04-04,0.7735,1,3_5
2026-04-04,0.1598,0,moneyline
2026-04-04,0.6064,1,moneyline
2026-04-04,0.2221,0,moneyline
2026-04-04,0.4835,0,2_5
2026-04-04,0.5165,1,2_5
2026-04-04,0.2642,0,3_5
2026-04-04,0.7358,1,3_5
2026-04-05,0.2498,0,moneyline
2026-04-05,0.4605,1,moneyline
2026-04-05,0.2873,0,moneyline
2026-04-05,0.3592,1,2_5
2026-04-05,0.6408,0,2_5
2026-04-05,0.1669,0,3_5
2026-04-05,0.8331,1,3_5
2026-04-05,0.5399,1,moneyline
2026-04-05,0.2009,0,moneyline
2026-04-05,0.2535,0,moneyline
2026-04-05,0.4279,1,2_5
2026-04-05,0.5721,0,2_5
2026-04-05,0.2182,1,3_5
2026-04-05,0.7818,0,3_5
2026-04-05,0.2396,0,moneyline
2026-04-05,0.5256,1,moneyline
2026-04-05,0.2163,0,moneyline
2026-04-05,0.6168,0,2_5
2026-04-05,0.3832,1,2_5
2026-04-05,0.3953,0,3_5
2026-04-05,0.6047,1,3_5
2026-04-06,0.6181,1,moneyline
2026-04-06,0.1623,0,moneyline
2026-04-06,0.1941,0,moneyline
2026-04-06,0.5976,0,2_5
2026-04-06,0.4024,1,2_5
2026-04-06,0.3752,0,3_5
2026-04-06,0.6248,1,3_5
2026-04-06,0.1657,0,moneyline
2026-04-06,0.533,1,moneyline
2026-04-06,0.2994,0,moneyline
2026-04-06,0.2706,1,2_5
2026-04-06,0.7294,0,2_5
2026-04-06,0.1087,0,3_5
2026-04-06,0.8913,1,3_5
2026-04-06,0.2943,1,moneyline
2026-04-06,0.4167,0,moneyline
2026-04-06,0.2868,0,moneyline
2026-04-06,0.3806,0,2_5
2026-04-06,0.6194,1,2_5
2026-04-06,0.1825,0,3_5
2026-04-06,0.8175,1,3_5
2026-04-06,0.1508,0,moneyline
2026-04-06,0.6198,0,moneyline
2026-04-06,0.2164,1,moneyline
2026-04-06,0.4887,0,2_5
2026-04-06,0.5113,1,2_5
2026-04-06,0.2687,0,3_5
2026-04-06,0.7313,1,3_5
2026-03-20,0.287,0,moneyline
2026-03-20,0.4664,0,moneyline
2026-03-20,0.2358,1,moneyline
2026-03-20,0.5724,1,2_5
2026-03-20,0.4276,0,2_5
2026-03-20,0.3484,1,3_5
2026-03-20,0.6516,0,3_5
2026-03-21,0.391,1,moneyline
2026-03-21,0.3342,0,moneyline
2026-03-21,0.2712,0,moneyline
2026-03-21,0.4455,1,2_5
2026-03-21,0.5545,0,2_5
2026-03-21,0.233,0,3_5
2026-03-21,0.767,1,3_5
2026-03-21,0.306,1,moneyline
2026-03-21,0.4226,0,moneyline
2026-03-21,0.2674,0,moneyline
2026-03-21,0.4525,1,2_5
2026-03-21,0.5475,0,2_5
2026-03-21,0.2387,0,3_5
2026-03-21,0.7613,1,3_5
2026-03-21,0.5733,1,moneyline
2026-03-21,0.1949,0,moneyline
2026-03-21,0.2156,0,moneyline
2026-03-21,0.5633,1,2_5
2026-03-21,0.4367,0,2_5
2026-03-21,0.3392,1,3_5
2026-03-21,0.6608,0,3_5
2026-03-21,0.3475,0,moneyline
2026-03-21,0.3996,0,moneyline
2026-03-21,0.2444,1,moneyline
2026-03-21,0.5593,0,2_5
2026-03-21,0.4407,1,2_5
2026-03-21,0.3353,0,3_5
2026-03-21,0.6647,1,3_5
2026-03-22,0.4757,1,moneyline
2026-03-22,0.2739,0,moneyline
2026-03-22,0.2415,0,moneyline
2026-03-22,0.5393,0,2_5
2026-03-22,0.4607,1,2_5
2026-03-22,0.3158,0,3_5
2026-03-22,0.6842,1,3_5
2026-03-22,0.4902,0,moneyline
2026-03-22,0.2412,1,moneyline
2026-03-22,0.2642,0,moneyline
2026-03-22,0.428,1,2_5
2026-03-22,0.572,0,2_5
2026-03-22,0.2186,0,3_5
2026-03-22,0.7814,1,3_5
2026-03-22,0.3801,0,moneyline
2026-03-22,0.3361,1,moneyline
2026-03-22,0.2812,0,moneyline
2026-03-22,0.4092,1,2_5
2026-03-22,0.5908,0,2_5
2026-03-22,0.2041,0,3_5
2026-03-22,0.7959,1,3_5
2026-03-20,0.5309,1,moneyline
2026-03-20,0.2376,0,moneyline
2026-03-20,0.1984,0,moneyline
2026-03-20,0.6902,1,2_5
2026-03-20,0.3098,0,2_5
2026-03-20,0.4835,1,3_5
2026-03-20,0.5165,0,3_5
2026-03-21,0.4867,1,moneyline
2026-03-21,0.2679,0,moneyline
2026-03-21,0.2343,0,moneyline
2026-03-21,0.5653,1,2_5
2026-03-21,0.4347,0,2_5
2026-03-21,0.3413,0,3_5
2026-03-21,0.6587,1,3_5
2026-03-21,0.3528,0,moneyline
2026-03-21,0.3226,1,moneyline
2026-03-21,0.3238,0,moneyline
2026-03-21,0.2807,1,2_5
2026-03-21,0.7193,0,2_5
2026-03-21,0.1153,0,3_5
2026-03-21,0.8847,1,3_5
2026-03-21,0.5013,1,moneyline
2026-03-21,0.2001,0,moneyline
2026-03-21,0.2967,0,moneyline
2026-03-21,0.3027,1,2_5
2026-03-21,0.6973,0,2_5
2026-03-21,0.1287,1,3_5
2026-03-21,0.8713,0,3_5
2026-03-21,0.4803,1,moneyline
2026-03-21,0.2558,0,moneyline
2026-03-21,0.2586,0,moneyline
2026-03-21,0.4588,0,2_5
2026-03-21,0.5412,1,2_5
2026-03-21,0.2438,0,3_5
2026-03-21,0.7562,1,3_5
2026-03-21,0.4797,0,moneyline
2026-03-21,0.2701,1,moneyline
2026-03-21,0.2412,0,moneyline
2026-03-21,0.5376,0,2_5
2026-03-21,0.4624,1,2_5
2026-03-21,0.3143,0,3_5
2026-03-21,0.6857,1,3_5
2026-03-22,0.3659,1,moneyline
2026-03-22,0.3703,0,moneyline
2026-03-22,0.2584,0,moneyline
2026-03-22,0.4999,1,2_5
2026-03-22,0.5001,0,2_5
2026-03-22,0.2795,0,3_5
2026-03-22,0.7205,1,3_5
2026-03-22,0.7504,1,moneyline
2026-03-22,0.0634,0,moneyline
2026-03-22,0.1271,0,moneyline
2026-03-22,0.5963,0,2_5
2026-03-22,0.4037,1,2_5
2026-03-22,0.3771,0,3_5
2026-03-22,0.6229,1,3_5
2026-03-22,0.6776,0,moneyline
2026-03-22,0.1084,1,moneyline
2026-03-22,0.1982,0,moneyline
2026-03-22,0.4681,1,2_5
2026-03-22,0.5319,0,2_5
2026-03-22,0.2502,1,3_5
2026-03-22,0.7498,0,3_5
2026-03-22,0.6046,1,moneyline
2026-03-22,0.1623,0,moneyline
2026-03-22,0.221,0,moneyline
2026-03-22,0.4916,1,2_5
2026-03-22,0.5084,0,2_5
2026-03-22,0.2714,1,3_5
2026-03-22,0.7286,0,3_5
2026-03-20,0.7289,1,moneyline
2026-03-20,0.0727,0,moneyline
2026-03-20,0.1809,0,moneyline
2026-03-20,0.4342,1,2_5
2026-03-20,0.5658,0,2_5
2026-03-20,0.2212,1,3_5
2026-03-20,0.7788,0,3_5
2026-03-21,0.241,1,moneyline
2026-03-21,0.4102,0,moneyline
2026-03-21,0.3483,0,moneyline
2026-03-21,0.2141,1,2_5
2026-03-21,0.7859,0,2_5
2026-03-21,0.0772,0,3_5
2026-03-21,0.9228,1,3_5
2026-03-21,0.1163,0,moneyline
2026-03-21,0.6754,1,moneyline
2026-03-21,0.157,0,moneyline
2026-03-21,0.6456,1,2_5
2026-03-21,0.3544,0,2_5
2026-03-21,0.433,1,3_5
2026-03-21,0.567,0,3_5
2026-03-21,0.4,1,moneyline
2026-03-21,0.3442,0,moneyline
2026-03-21,0.2484,0,moneyline
2026-03-21,0.5409,0,2_5
2026-03-21,0.4591,1,2_5
2026-03-21,0.3174,0,3_5
2026-03-21,0.6826,1,3_5
2026-03-22,0.3668,0,moneyline
2026-03-22,0.374,1,moneyline
2026-03-22,0.2528,0,moneyline
2026-03-22,0.5241,1,2_5
2026-03-22,0.4759,0,2_5
2026-03-22,0.3017,0,3_5
2026-03-22,0.6983,1,3_5
2026-03-22,0.5363,0,moneyline
2026-03-22,0.228,1,moneyline
2026-03-22,0.2195,0,moneyline
2026-03-22,0.5899,1,2_5
2026-03-22,0.4101,0,2_5
2026-03-22,0.3665,0,3_5
2026-03-22,0.6335,1,3_5
2026-03-22,0.1746,0,moneyline
2026-03-22,0.5791,1,moneyline
2026-03-22,0.2381,0,moneyline
2026-03-22,0.4485,1,2_5
2026-03-22,0.5515,0,2_5
2026-03-22,0.2346,1,3_5
2026-03-22,0.7654,0,3_5
2026-03-22,0.3702,1,moneyline
2026-03-22,0.2454,0,moneyline
2026-03-22,0.3842,0,moneyline
2026-03-22,0.1598,1,2_5
2026-03-22,0.8402,0,2_5
2026-03-22,0.0505,1,3_5
2026-03-22,0.9495,0,3_5
2026-03-22,0.7005,0,moneyline
2026-03-22,0.0603,0,moneyline
2026-03-22,0.0969,1,moneyline
2026-03-22,0.6765,0,2_5
2026-03-22,0.3235,1,2_5
2026-03-22,0.5041,0,3_5
2026-03-22,0.4959,1,3_5
2026-03-20,0.3946,1,moneyline
2026-03-20,0.3607,0,moneyline
2026-03-20,0.2314,0,moneyline
2026-03-20,0.62,1,2_5
2026-03-20,0.38,0,2_5
2026-03-20,0.3984,1,3_5
2026-03-20,0.6016,0,3_5
2026-03-21,0.6837,1,moneyline
2026-03-21,0.0276,0,moneyline
2026-03-21,0.058,0,moneyline
2026-03-21,0.6312,1,2_5
2026-03-21,0.3688,0,2_5
2026-03-21,0.4822,1,3_5
2026-03-21,0.5178,0,3_5
2026-03-21,0.6772,1,moneyline
2026-03-21,0.1148,0,moneyline
2026-03-21,0.1843,0,moneyline
2026-03-21,0.5344,1,2_5
2026-03-21,0.4656,0,2_5
2026-03-21,0.3106,1,3_5
2026-03-21,0.6894,0,3_5
2026-03-21,0.4124,0,moneyline
2026-03-21,0.317,0,moneyline
2026-03-21,0.2665,1,moneyline
2026-03-21,0.4597,1,2_5
2026-03-21,0.5403,0,2_5
2026-03-21,0.2447,1,3_5
2026-03-21,0.7553,0,3_5
2026-03-21,0.1225,0,moneyline
2026-03-21,0.6688,0,moneyline
2026-03-21,0.1817,1,moneyline
2026-03-21,0.5632,1,2_5
2026-03-21,0.4368,0,2_5
2026-03-21,0.3393,1,3_5
2026-03-21,0.6607,0,3_5
2026-03-21,0.4459,0,moneyline
2026-03-21,0.3053,1,moneyline
2026-03-21,0.2388,0,moneyline
2026-03-21,0.5695,0,2_5
2026-03-21,0.4305,1,2_5
2026-03-21,0.3455,0,3_5
2026-03-21,0.6545,1,3_5
2026-03-22,0.2466,0,moneyline
2026-03-22,0.5064,1,moneyline
2026-03-22,0.2372,0,moneyline
2026-03-22,0.5349,1,2_5
2026-03-22,0.4651,0,2_5
2026-03-22,0.3116,1,3_5
2026-03-22,0.6884,0,3_5
2026-03-22,0.4285,1,moneyline
2026-03-22,0.321,0,moneyline
2026-03-22,0.2411,0,moneyline
2026-03-22,0.5666,1,2_5
2026-03-22,0.4334,0,2_5
2026-03-22,0.3425,0,3_5
2026-03-22,0.6575,1,3_5
2026-03-22,0.3318,0,moneyline
2026-03-22,0.3695,1,moneyline
2026-03-22,0.2971,0,moneyline
2026-03-22,0.3557,1,2_5
2026-03-22,0.6443,0,2_5
2026-03-22,0.1646,0,3_5
2026-03-22,0.8354,1,3_5
2026-03-20,0.2218,0,moneyline
2026-03-20,0.5314,1,moneyline
2026-03-20,0.2375,0,moneyline
2026-03-20,0.509,0,2_5
2026-03-20,0.491,1,2_5
2026-03-20,0.2875,0,3_5
2026-03-20,0.7125,1,3_5
2026-03-20,0.4564,0,moneyline
2026-03-20,0.2834,1,moneyline
2026-03-20,0.2543,0,moneyline
2026-03-20,0.4931,0,2_5
2026-03-20,0.5069,1,2_5
2026-03-20,0.2734,0,3_5
2026-03-20,0.7266,1,3_5
2026-03-21,0.6643,0,moneyline
2026-03-21,0.1269,0,moneyline
2026-03-21,0.1727,1,moneyline
2026-03-21,0.6097,0,2_5
2026-03-21,0.3903,1,2_5
2026-03-21,0.3893,0,3_5
2026-03-21,0.6107,1,3_5
2026-03-21,0.6986,1,moneyline
2026-03-21,0.099,0,moneyline
2026-03-21,0.1784,0,moneyline
2026-03-21,0.5161,1,2_5
2026-03-21,0.4839,0,2_5
2026-03-21,0.2931,1,3_5
2026-03-21,0.7069,0,3_5
2026-03-21,0.4573,0,moneyline
2026-03-21,0.2094,1,moneyline
2026-03-21,0.3324,0,moneyline
2026-03-21,0.2317,0,2_5
2026-03-21,0.7683,1,2_5
2026-03-21,0.0866,0,3_5
2026-03-21,0.9134,1,3_5
2026-03-22,0.7638,1,moneyline
2026-03-22,0.0579,0,moneyline
2026-03-22,0.1411,0,moneyline
2026-03-22,0.5217,0,2_5
2026-03-22,0.4783,1,2_5
2026-03-22,0.2979,0,3_5
2026-03-22,0.7021,1,3_5
2026-03-22,0.355,0,moneyline
2026-03-22,0.3196,1,moneyline
2026-03-22,0.3245,0,moneyline
2026-03-22,0.2786,0,2_5
2026-03-22,0.7214,1,2_5
2026-03-22,0.114,0,3_5
2026-03-22,0.886,1,3_5
2026-03-22,0.7793,1,moneyline
2026-03-22,0.0463,0,moneyline
2026-03-22,0.116,0,moneyline
2026-03-22,0.5666,1,2_5
2026-03-22,0.4334,0,2_5
2026-03-22,0.3443,1,3_5
2026-03-22,0.6557,0,3_5
2026-03-22,0.0978,0,moneyline
2026-03-22,0.7037,0,moneyline
2026-03-22,0.1582,1,moneyline
2026-03-22,0.5908,0,2_5
2026-03-22,0.4092,1,2_5
2026-03-22,0.369,0,3_5
2026-03-22,0.631,1,3_5
2026-03-22,0.6288,1,moneyline
2026-03-22,0.1259,0,moneyline
2026-03-22,0.2384,0,moneyline
2026-03-22,0.3748,0,2_5
2026-03-22,0.6252,1,2_5
2026-03-22,0.177,0,3_5
2026-03-22,0.823,1,3_5
2026-03-14,0.6294,1,moneyline
2026-03-14,0.1365,0,moneyline
2026-03-14,0.224,0,moneyline
2026-03-14,0.4368,0,2_5
2026-03-14,0.5632,1,2_5
2026-03-14,0.2246,0,3_5
2026-03-14,0.7754,1,3_5
2026-03-14,0.245,0,moneyline
2026-03-14,0.5195,0,moneyline
2026-03-14,0.2174,1,moneyline
2026-03-14,0.6176,0,2_5
2026-03-14,0.3824,1,2_5
2026-03-14,0.3963,0,3_5
2026-03-14,0.6037,1,3_5
2026-03-14,0.5798,0,moneyline
2026-03-14,0.1942,1,moneyline
2026-03-14,0.1859,0,moneyline
2026-03-14,0.6847,0,2_5
2026-03-14,0.3153,1,2_5
2026-03-14,0.4785,0,3_5
2026-03-14,0.5215,1,3_5
2026-03-14,0.2925,0,moneyline
2026-03-14,0.3805,1,moneyline
2026-03-14,0.3262,0,moneyline
2026-03-14,0.2714,0,2_5
2026-03-14,0.7286,1,2_5
2026-03-14,0.1096,0,3_5
2026-03-14,0.8904,1,3_5
2026-03-14,0.1561,0,moneyline
2026-03-14,0.6239,0,moneyline
2026-03-14,0.198,1,moneyline
2026-03-14,0.5703,0,2_5
2026-03-14,0.4297,1,2_5
2026-03-14,0.3464,0,3_5
2026-03-14,0.6536,1,3_5
2026-03-15,0.3744,0,moneyline
2026-03-15,0.3552,0,moneyline
2026-03-15,0.2663,1,moneyline
2026-03-15,0.4671,0,2_5
2026-03-15,0.5329,1,2_5
2026-03-15,0.251,0,3_5
2026-03-15,0.749,1,3_5
2026-03-15,0.6194,0,moneyline
2026-03-15,0.1622,0,moneyline
2026-03-15,0.1844,1,moneyline
2026-03-15,0.6372,0,2_5
2026-03-15,0.3628,1,2_5
2026-03-15,0.4201,0,3_5
2026-03-15,0.5799,1,3_5
2026-03-15,0.4959,1,moneyline
2026-03-15,0.2549,0,moneyline
2026-03-15,0.2401,0,moneyline
2026-03-15,0.5305,1,2_5
2026-03-15,0.4695,0,2_5
2026-03-15,0.3075,1,3_5
2026-03-15,0.6925,0,3_5
2026-03-15,0.3428,0,moneyline
2026-03-15,0.385,0,moneyline
2026-03-15,0.2682,1,moneyline
2026-03-15,0.4583,0,2_5
2026-03-15,0.5417,1,2_5
2026-03-15,0.2435,0,3_5
2026-03-15,0.7565,1,3_5
2026-03-16,0.5665,0,moneyline
2026-03-16,0.1795,0,moneyline
2026-03-16,0.2475,1,moneyline
2026-03-16,0.4233,1,2_5
2026-03-16,0.5767,0,2_5
2026-03-16,0.2144,1,3_5
2026-03-16,0.7856,0,3_5
2026-03-13,0.2412,0,moneyline
2026-03-13,0.5147,0,moneyline
2026-03-13,0.2331,1,moneyline
2026-03-13,0.5469,0,2_5
2026-03-13,0.4531,1,2_5
2026-03-13,0.3231,0,3_5
2026-03-13,0.6769,1,3_5
2026-03-14,0.4984,1,moneyline
2026-03-14,0.1787,0,moneyline
2026-03-14,0.3217,0,moneyline
2026-03-14,0.2357,0,2_5
2026-03-14,0.7643,1,2_5
2026-03-14,0.0887,0,3_5
2026-03-14,0.9113,1,3_5
2026-03-14,0.455,1,moneyline
2026-03-14,0.2754,0,moneyline
2026-03-14,0.2654,0,moneyline
2026-03-14,0.4462,1,2_5
2026-03-14,0.5538,0,2_5
2026-03-14,0.2334,0,3_5
2026-03-14,0.7666,1,3_5
2026-03-14,0.2878,1,moneyline
2026-03-14,0.4184,0,moneyline
2026-03-14,0.2918,0,moneyline
2026-03-14,0.3625,0,2_5
2026-03-14,0.6375,1,2_5
2026-03-14,0.1694,0,3_5
2026-03-14,0.8306,1,3_5
2026-03-14,0.7479,1,moneyline
2026-03-14,0.0599,0,moneyline
2026-03-14,0.1162,0,moneyline
2026-03-14,0.623,1,2_5
2026-03-14,0.377,0,2_5
2026-03-14,0.4108,1,3_5
2026-03-14,0.5892,0,3_5
2026-03-15,0.7534,1,moneyline
2026-03-15,0.0382,0,moneyline
2026-03-15,0.0846,0,moneyline
2026-03-15,0.6364,1,2_5
2026-03-15,0.3636,0,2_5
2026-03-15,0.4405,1,3_5
2026-03-15,0.5595,0,3_5
2026-03-15,0.402,0,moneyline
2026-03-15,0.3368,0,moneyline
2026-03-15,0.2554,1,moneyline
2026-03-15,0.5095,0,2_5
2026-03-15,0.4905,1,2_5
2026-03-15,0.2882,0,3_5
2026-03-15,0.7118,1,3_5
2026-03-15,0.5052,1,moneyline
2026-03-15,0.2551,0,moneyline
2026-03-15,0.2252,0,moneyline
2026-03-15,0.5935,1,2_5
2026-03-15,0.4065,0,2_5
2026-03-15,0.3702,0,3_5
2026-03-15,0.6298,1,3_5
2026-03-15,0.4837,1,moneyline
2026-03-15,0.2734,0,moneyline
2026-03-15,0.2301,0,moneyline
2026-03-15,0.5879,1,2_5
2026-03-15,0.4121,0,2_5
2026-03-15,0.3643,1,3_5
2026-03-15,0.6357,0,3_5
2026-03-16,0.5523,0,moneyline
2026-03-16,0.1795,0,moneyline
2026-03-16,0.2639,1,moneyline
2026-03-16,0.3721,0,2_5
2026-03-16,0.6279,1,2_5
2026-03-16,0.1757,0,3_5
2026-03-16,0.8243,1,3_5
2026-03-13,0.6682,1,moneyline
2026-03-13,0.1222,0,moneyline
2026-03-13,0.1847,0,moneyline
2026-03-13,0.5509,0,2_5
2026-03-13,0.4491,1,2_5
2026-03-13,0.3268,0,3_5
2026-03-13,0.6732,1,3_5
2026-03-14,0.4697,0,moneyline
2026-03-14,0.2493,1,moneyline
2026-03-14,0.278,0,moneyline
2026-03-14,0.3875,0,2_5
2026-03-14,0.6125,1,2_5
2026-03-14,0.1875,0,3_5
2026-03-14,0.8125,1,3_5
2026-03-14,0.2184,1,moneyline
2026-03-14,0.5439,0,moneyline
2026-03-14,0.224,0,moneyline
2026-03-14,0.5597,1,2_5
2026-03-14,0.4403,0,2_5
2026-03-14,0.3357,0,3_5
2026-03-14,0.6643,1,3_5
2026-03-14,0.5118,1,moneyline
2026-03-14,0.2357,0,moneyline
2026-03-14,0.2449,0,moneyline
2026-03-14,0.4943,0,2_5
2026-03-14,0.5057,1,2_5
2026-03-14,0.2742,0,3_5
2026-03-14,0.7258,1,3_5
2026-03-15,0.2363,0,moneyline
2026-03-15,0.4533,0,moneyline
2026-03-15,0.3091,1,moneyline
2026-03-15,0.2939,0,2_5
2026-03-15,0.7061,1,2_5
2026-03-15,0.1233,0,3_5
2026-03-15,0.8767,1,3_5
2026-03-15,0.1875,0,moneyline
2026-03-15,0.5446,1,moneyline
2026-03-15,0.2636,0,moneyline
2026-03-15,0.3815,1,2_5
2026-03-15,0.6185,0,2_5
2026-03-15,0.1826,1,3_5
2026-03-15,0.8174,0,3_5
2026-03-15,0.6036,0,moneyline
2026-03-15,0.1693,1,moneyline
2026-03-15,0.2101,0,moneyline
2026-03-15,0.5454,1,2_5
2026-03-15,0.4546,0,2_5
2026-03-15,0.3215,0,3_5
2026-03-15,0.6785,1,3_5
2026-03-15,0.6438,0,moneyline
2026-03-15,0.135,0,moneyline
2026-03-15,0.2052,1,moneyline
2026-03-15,0.5003,0,2_5
2026-03-15,0.4997,1,2_5
2026-03-15,0.2789,0,3_5
2026-03-15,0.7211,1,3_5
2026-03-13,0.4009,1,moneyline
2026-03-13,0.2767,0,moneyline
2026-03-13,0.3215,0,moneyline
2026-03-13,0.2789,0,2_5
2026-03-13,0.7211,1,2_5
2026-03-13,0.1141,0,3_5
2026-03-13,0.8859,1,3_5
2026-03-14,0.6925,1,moneyline
2026-03-14,0.1059,0,moneyline
2026-03-14,0.1671,0,moneyline
2026-03-14,0.5785,0,2_5
2026-03-14,0.4215,1,2_5
2026-03-14,0.3554,0,3_5
2026-03-14,0.6446,1,3_5
2026-03-14,0.6854,1,moneyline
2026-03-14,0.0986,0,moneyline
2026-03-14,0.1348,0,moneyline
2026-03-14,0.6792,0,2_5
2026-03-14,0.3208,1,2_5
2026-03-14,0.4834,0,3_5
2026-03-14,0.5166,1,3_5
2026-03-14,0.4875,0,moneyline
2026-03-14,0.2398,0,moneyline
2026-03-14,0.2688,1,moneyline
2026-03-14,0.4113,0,2_5
2026-03-14,0.5887,1,2_5
2026-03-14,0.2054,0,3_5
2026-03-14,0.7946,1,3_5
2026-03-14,0.6882,0,moneyline
2026-03-14,0.0583,0,moneyline
2026-03-14,0.092,1,moneyline
2026-03-14,0.6776,0,2_5
2026-03-14,0.3224,1,2_5
2026-03-14,0.5154,0,3_5
2026-03-14,0.4846,1,3_5
2026-03-14,0.2115,0,moneyline
2026-03-14,0.5561,0,moneyline
2026-03-14,0.1823,1,moneyline
2026-03-14,0.7212,0,2_5
2026-03-14,0.2788,1,2_5
2026-03-14,0.5291,0,3_5
2026-03-14,0.4709,1,3_5
2026-03-15,0.5447,0,moneyline
2026-03-15,0.2152,1,moneyline
2026-03-15,0.2281,0,moneyline
2026-03-15,0.5389,0,2_5
2026-03-15,0.4611,1,2_5
2026-03-15,0.3154,0,3_5
2026-03-15,0.6846,1,3_5
2026-03-15,0.4947,1,moneyline
2026-03-15,0.2705,0,moneyline
2026-03-15,0.2043,0,moneyline
2026-03-15,0.6969,0,2_5
2026-03-15,0.3031,1,2_5
2026-03-15,0.4914,0,3_5
2026-03-15,0.5086,1,3_5
2026-03-15,0.3764,0,moneyline
2026-03-15,0.3459,1,moneyline
2026-03-15,0.2745,0,moneyline
2026-03-15,0.4347,0,2_5
2026-03-15,0.5653,1,2_5
2026-03-15,0.2242,0,3_5
2026-03-15,0.7758,1,3_5
2026-03-13,0.3316,1,moneyline
2026-03-13,0.3512,0,moneyline
2026-03-13,0.3163,0,moneyline
2026-03-13,0.3003,1,2_5
2026-03-13,0.6997,0,2_5
2026-03-13,0.1275,1,3_5
2026-03-13,0.8725,0,3_5
2026-03-14,0.6224,0,moneyline
2026-03-14,0.1458,0,moneyline
2026-03-14,0.2203,1,moneyline
2026-03-14,0.4661,0,2_5
2026-03-14,0.5339,1,2_5
2026-03-14,0.249,0,3_5
2026-03-14,0.751,1,3_5
2026-03-14,0.587,1,moneyline
2026-03-14,0.158,0,moneyline
2026-03-14,0.249,0,moneyline
2026-03-14,0.3906,1,2_5
2026-03-14,0.6094,0,2_5
2026-03-14,0.1891,0,3_5
2026-03-14,0.8109,1,3_5
2026-03-14,0.196,0,moneyline
2026-03-14,0.5786,1,moneyline
2026-03-14,0.1963,0,moneyline
2026-03-14,0.6455,0,2_5
2026-03-14,0.3545,1,2_5
2026-03-14,0.429,0,3_5
2026-03-14,0.571,1,3_5
2026-03-15,0.4752,1,moneyline
2026-03-15,0.2448,0,moneyline
2026-03-15,0.2769,0,moneyline
2026-03-15,0.3882,1,2_5
2026-03-15,0.6118,0,2_5
2026-03-15,0.188,0,3_5
2026-03-15,0.812,1,3_5
2026-03-15,0.1438,1,moneyline
2026-03-15,0.5625,0,moneyline
2026-03-15,0.2914,0,moneyline
2026-03-15,0.2684,0,2_5
2026-03-15,0.7316,1,2_5
2026-03-15,0.1072,0,3_5
2026-03-15,0.8928,1,3_5
2026-03-15,0.2128,1,moneyline
2026-03-15,0.5079,0,moneyline
2026-03-15,0.2761,0,moneyline
2026-03-15,0.3674,1,2_5
2026-03-15,0.6326,0,2_5
2026-03-15,0.1725,1,3_5
2026-03-15,0.8275,0,3_5
2026-03-15,0.45,0,moneyline
2026-03-15,0.2925,1,moneyline
2026-03-15,0.2508,0,moneyline
2026-03-15,0.5122,0,2_5
2026-03-15,0.4878,1,2_5
2026-03-15,0.2906,0,3_5
2026-03-15,0.7094,1,3_5
2026-03-15,0.1627,0,moneyline
2026-03-15,0.6154,1,moneyline
2026-03-15,0.2006,0,moneyline
2026-03-15,0.5719,0,2_5
2026-03-15,0.4281,1,2_5
2026-03-15,0.348,0,3_5
2026-03-15,0.652,1,3_5
2026-03-16,0.2445,0,moneyline
2026-03-16,0.4516,1,moneyline
2026-03-16,0.3023,0,moneyline
2026-03-16,0.3147,1,2_5
2026-03-16,0.6853,0,2_5
2026-03-16,0.1366,1,3_5
2026-03-16,0.8634,0,3_5
2026-03-06,0.3287,0,moneyline
2026-03-06,0.3968,1,moneyline
2026-03-06,0.2709,0,moneyline
2026-03-06,0.4457,1,2_5
2026-03-06,0.5543,0,2_5
2026-03-06,0.2332,0,3_5
2026-03-06,0.7668,1,3_5
2026-03-07,0.1534,0,moneyline
2026-03-07,0.6303,1,moneyline
2026-03-07,0.1838,0,moneyline
2026-03-07,0.6229,0,2_5
2026-03-07,0.3771,1,2_5
2026-03-07,0.4037,0,3_5
2026-03-07,0.5963,1,3_5
2026-03-07,0.5655,1,moneyline
2026-03-07,0.1967,0,moneyline
2026-03-07,0.2256,0,moneyline
2026-03-07,0.5254,1,2_5
2026-03-07,0.4746,0,2_5
2026-03-07,0.3025,1,3_5
2026-03-07,0.6975,0,3_5
2026-03-07,0.3713,0,moneyline
2026-03-07,0.3455,0,moneyline
2026-03-07,0.2805,1,moneyline
2026-03-07,0.4124,0,2_5
2026-03-07,0.5876,1,2_5
2026-03-07,0.2066,0,3_5
2026-03-07,0.7934,1,3_5
2026-03-07,0.6125,0,moneyline
2026-03-07,0.1515,0,moneyline
2026-03-07,0.2258,1,moneyline
2026-03-07,0.4564,1,2_5
2026-03-07,0.5436,0,2_5
2026-03-07,0.241,1,3_5
2026-03-07,0.759,0,3_5
2026-03-08,0.3203,1,moneyline
2026-03-08,0.3539,0,moneyline
2026-03-08,0.3251,0,moneyline
2026-03-08,0.2774,0,2_5
2026-03-08,0.7226,1,2_5
2026-03-08,0.1133,0,3_5
2026-03-08,0.8867,1,3_5
2026-03-08,0.3943,0,moneyline
2026-03-08,0.3314,0,moneyline
2026-03-08,0.2707,1,moneyline
2026-03-08,0.4469,0,2_5
2026-03-08,0.5531,1,2_5
2026-03-08,0.2341,0,3_5
2026-03-08,0.7659,1,3_5
2026-03-08,0.5269,1,moneyline
2026-03-08,0.1968,0,moneyline
2026-03-08,0.2728,0,moneyline
2026-03-08,0.3634,1,2_5
2026-03-08,0.6366,0,2_5
2026-03-08,0.1696,1,3_5
2026-03-08,0.8304,0,3_5
2026-03-08,0.6637,1,moneyline
2026-03-08,0.1237,0,moneyline
2026-03-08,0.1571,0,moneyline
2026-03-08,0.6633,1,2_5
2026-03-08,0.3367,0,2_5
2026-03-08,0.4556,0,3_5
2026-03-08,0.5444,1,3_5
2026-03-09,0.6205,0,moneyline
2026-03-09,0.1535,0,moneyline
2026-03-09,0.2107,1,moneyline
2026-03-09,0.5152,0,2_5
2026-03-09,0.4848,1,2_5
2026-03-09,0.2928,0,3_5
2026-03-09,0.7072,1,3_5
2026-03-06,0.6967,0,moneyline
2026-03-06,0.1029,1,moneyline
2026-03-06,0.1671,0,moneyline
2026-03-06,0.5701,1,2_5
2026-03-06,0.4299,0,2_5
2026-03-06,0.3466,1,3_5
2026-03-06,0.6534,0,3_5
2026-03-07,0.2213,0,moneyline
2026-03-07,0.5137,0,moneyline
2026-03-07,0.2601,1,moneyline
2026-03-07,0.4257,0,2_5
2026-03-07,0.5743,1,2_5
2026-03-07,0.2166,0,3_5
2026-03-07,0.7834,1,3_5
2026-03-07,0.3787,0,moneyline
2026-03-07,0.305,1,moneyline
2026-03-07,0.3153,0,moneyline
2026-03-07,0.3002,0,2_5
2026-03-07,0.6998,1,2_5
2026-03-07,0.1274,0,3_5
2026-03-07,0.8726,1,3_5
2026-03-07,0.4129,0,moneyline
2026-03-07,0.3434,1,moneyline
2026-03-07,0.2296,0,moneyline
2026-03-07,0.625,0,2_5
2026-03-07,0.375,1,2_5
2026-03-07,0.4039,0,3_5
2026-03-07,0.5961,1,3_5
2026-03-08,0.4865,1,moneyline
2026-03-08,0.1853,0,moneyline
2026-03-08,0.3272,0,moneyline
2026-03-08,0.2293,0,2_5
2026-03-08,0.7707,1,2_5
2026-03-08,0.0852,0,3_5
2026-03-08,0.9148,1,3_5
2026-03-08,0.7641,1,moneyline
2026-03-08,0.0258,0,moneyline
2026-03-08,0.0692,0,moneyline
2026-03-08,0.6217,1,2_5
2026-03-08,0.3783,0,2_5
2026-03-08,0.4266,0,3_5
2026-03-08,0.5734,1,3_5
2026-03-08,0.4254,0,moneyline
2026-03-08,0.3098,0,moneyline
2026-03-08,0.2597,1,moneyline
2026-03-08,0.484,0,2_5
2026-03-08,0.516,1,2_5
2026-03-08,0.2655,0,3_5
2026-03-08,0.7345,1,3_5
2026-03-08,0.6901,0,moneyline
2026-03-08,0.1054,0,moneyline
2026-03-08,0.1803,1,moneyline
2026-03-08,0.5257,0,2_5
2026-03-08,0.4743,1,2_5
2026-03-08,0.3022,0,3_5
2026-03-08,0.6978,1,3_5
2026-03-08,0.2768,0,moneyline
2026-03-08,0.4866,1,moneyline
2026-03-08,0.216,0,moneyline
2026-03-08,0.6521,1,2_5
2026-03-08,0.3479,0,2_5
2026-03-08,0.4352,1,3_5
2026-03-08,0.5648,0,3_5
2026-03-06,0.6822,1,moneyline
2026-03-06,0.0237,0,moneyline
2026-03-06,0.053,0,moneyline
2026-03-06,0.6223,1,2_5
2026-03-06,0.3777,0,2_5
2026-03-06,0.4743,1,3_5
2026-03-06,0.5257,0,3_5
2026-03-07,0.1677,0,moneyline
2026-03-07,0.6115,1,moneyline
2026-03-07,0.1949,0,moneyline
2026-03-07,0.6045,1,2_5
2026-03-07,0.3955,0,2_5
2026-03-07,0.3826,0,3_5
2026-03-07,0.6174,1,3_5
2026-03-07,0.2702,0,moneyline
2026-03-07,0.4598,0,moneyline
2026-03-07,0.2658,1,moneyline
2026-03-07,0.4417,1,2_5
2026-03-07,0.5583,0,2_5
2026-03-07,0.2297,1,3_5
2026-03-07,0.7703,0,3_5
2026-03-07,0.1022,0,moneyline
2026-03-07,0.6963,1,moneyline
2026-03-07,0.1547,0,moneyline
2026-03-07,0.617,1,2_5
2026-03-07,0.383,0,2_5
2026-03-07,0.3989,1,3_5
2026-03-07,0.6011,0,3_5
2026-03-07,0.2859,0,moneyline
2026-03-07,0.4682,0,moneyline
2026-03-07,0.2347,1,moneyline
2026-03-07,0.5765,1,2_5
2026-03-07,0.4235,0,2_5
2026-03-07,0.3525,1,3_5
2026-03-07,0.6475,0,3_5
2026-03-07,0.5987,1,moneyline
2026-03-07,0.1754,0,moneyline
2026-03-07,0.2066,0,moneyline
2026-03-07,0.5697,1,2_5
2026-03-07,0.4303,0,2_5
2026-03-07,0.3457,0,3_5
2026-03-07,0.6543,1,3_5
2026-03-07,0.3535,0,moneyline
2026-03-07,0.3902,1,moneyline
2026-03-07,0.249,0,moneyline
2026-03-07,0.5395,1,2_5
2026-03-07,0.4605,0,2_5
2026-03-07,0.3161,0,3_5
2026-03-07,0.6839,1,3_5
2026-03-08,0.3206,0,moneyline
2026-03-08,0.43,0,moneyline
2026-03-08,0.2396,1,moneyline
2026-03-08,0.5728,0,2_5
2026-03-08,0.4272,1,2_5
2026-03-08,0.3487,0,3_5
2026-03-08,0.6513,1,3_5
2026-03-08,0.5295,0,moneyline
2026-03-08,0.1947,1,moneyline
2026-03-08,0.2722,0,moneyline
2026-03-08,0.3629,1,2_5
2026-03-08,0.6371,0,2_5
2026-03-08,0.1693,1,3_5
2026-03-08,0.8307,0,3_5
2026-03-06,0.6618,1,moneyline
2026-03-06,0.1285,0,moneyline
2026-03-06,0.1789,0,moneyline
2026-03-06,0.5886,1,2_5
2026-03-06,0.4114,0,2_5
2026-03-06,0.3659,0,3_5
2026-03-06,0.6341,1,3_5
2026-03-07,0.5754,0,moneyline
2026-03-07,0.1732,0,moneyline
2026-03-07,0.2444,1,moneyline
2026-03-07,0.4252,1,2_5
2026-03-07,0.5748,0,2_5
2026-03-07,0.2159,1,3_5
2026-03-07,0.7841,0,3_5
2026-03-07,0.1275,0,moneyline
2026-03-07,0.6467,1,moneyline
2026-03-07,0.2133,0,moneyline
2026-03-07,0.4566,1,2_5
2026-03-07,0.5434,0,2_5
2026-03-07,0.2408,0,3_5
2026-03-07,0.7592,1,3_5
2026-03-07,0.7521,1,moneyline
2026-03-07,0.0599,0,moneyline
2026-03-07,0.1199,0,moneyline
2026-03-07,0.6093,1,2_5
2026-03-07,0.3907,0,2_5
2026-03-07,0.3932,1,3_5
2026-03-07,0.6068,0,3_5
2026-03-08,0.6625,0,moneyline
2026-03-08,0.1226,1,moneyline
2026-03-08,0.1965,0,moneyline
2026-03-08,0.5065,1,2_5
2026-03-08,0.4935,0,2_5
2026-03-08,0.2844,0,3_5
2026-03-08,0.7156,1,3_5
2026-03-08,0.3949,0,moneyline
2026-03-08,0.3056,0,moneyline
2026-03-08,0.298,1,moneyline
2026-03-08,0.3489,0,2_5
2026-03-08,0.6511,1,2_5
2026-03-08,0.1598,0,3_5
2026-03-08,0.8402,1,3_5
2026-03-08,0.2032,1,moneyline
2026-03-08,0.5485,0,moneyline
2026-03-08,0.2399,0,moneyline
2026-03-08,0.4786,1,2_5
2026-03-08,0.5214,0,2_5
2026-03-08,0.2604,0,3_5
2026-03-08,0.7396,1,3_5
2026-03-08,0.3991,1,moneyline
2026-03-08,0.2202,0,moneyline
2026-03-08,0.3804,0,moneyline
2026-03-08,0.16,1,2_5
2026-03-08,0.84,0,2_5
2026-03-08,0.0506,0,3_5
2026-03-08,0.9494,1,3_5
2026-03-08,0.252,1,moneyline
2026-03-08,0.4701,0,moneyline
2026-03-08,0.2746,0,moneyline
2026-03-08,0.4002,0,2_5
2026-03-08,0.5998,1,2_5
2026-03-08,0.197,0,3_5
2026-03-08,0.803,1,3_5
2026-03-09,0.2961,1,moneyline
2026-03-09,0.4004,0,moneyline
2026-03-09,0.302,0,moneyline
2026-03-09,0.3347,1,2_5
2026-03-09,0.6653,0,2_5
2026-03-09,0.1501,0,3_5
2026-03-09,0.8499,1,3_5
2026-03-03,0.3889,0,moneyline
2026-03-03,0.3704,0,moneyline
2026-03-03,0.2222,1,moneyline
2026-03-03,0.663,0,2_5
2026-03-03,0.337,1,2_5
2026-03-03,0.4477,0,3_5
2026-03-03,0.5523,1,3_5
2026-03-03,0.5739,1,moneyline
2026-03-03,0.1877,0,moneyline
2026-03-03,0.2269,0,moneyline
2026-03-03,0.5078,0,2_5
2026-03-03,0.4922,1,2_5
2026-03-03,0.2861,0,3_5
2026-03-03,0.7139,1,3_5
2026-03-03,0.4837,0,moneyline
2026-03-03,0.2476,1,moneyline
2026-03-03,0.2642,0,moneyline
2026-03-03,0.4327,0,2_5
2026-03-03,0.5673,1,2_5
2026-03-03,0.2223,0,3_5
2026-03-03,0.7777,1,3_5
2026-03-03,0.1734,1,moneyline
2026-03-03,0.576,0,moneyline
2026-03-03,0.2435,0,moneyline
2026-03-03,0.4285,1,2_5
2026-03-03,0.5715,0,2_5
2026-03-03,0.2185,0,3_5
2026-03-03,0.7815,1,3_5
2026-03-04,0.3756,0,moneyline
2026-03-04,0.3485,1,moneyline
2026-03-04,0.2725,0,moneyline
2026-03-04,0.4423,1,2_5
2026-03-04,0.5577,0,2_5
2026-03-04,0.2304,1,3_5
2026-03-04,0.7696,0,3_5
2026-03-04,0.2091,0,moneyline
2026-03-04,0.5358,1,moneyline
2026-03-04,0.2483,0,moneyline
2026-03-04,0.4547,0,2_5
2026-03-04,0.5453,1,2_5
2026-03-04,0.2401,0,3_5
2026-03-04,0.7599,1,3_5
2026-03-04,0.5507,0,moneyline
2026-03-04,0.2201,1,moneyline
2026-03-04,0.2003,0,moneyline
2026-03-04,0.6621,0,2_5
2026-03-04,0.3379,1,2_5
2026-03-04,0.4484,0,3_5
2026-03-04,0.5516,1,3_5
2026-03-04,0.7012,0,moneyline
2026-03-04,0.0895,0,moneyline
2026-03-04,0.1944,1,moneyline
2026-03-04,0.4357,1,2_5
2026-03-04,0.5643,0,2_5
2026-03-04,0.2229,1,3_5
2026-03-04,0.7771,0,3_5
2026-03-04,0.2784,1,moneyline
2026-03-04,0.4857,0,moneyline
2026-03-04,0.2125,0,moneyline
2026-03-04,0.6687,1,2_5
2026-03-04,0.3313,0,2_5
2026-03-04,0.4552,0,3_5
2026-03-04,0.5448,1,3_5
2026-03-05,0.4095,0,moneyline
2026-03-05,0.3121,1,moneyline
2026-03-05,0.2752,0,moneyline
2026-03-05,0.4256,1,2_5
2026-03-05,0.5744,0,2_5
2026-03-05,0.2169,1,3_5
2026-03-05,0.7831,0,3_5
2026-03-02,0.0544,1,moneyline
2026-03-02,0.5765,1,2_5
2026-03-02,0.7593,0,moneyline
2026-03-02,0.2213,0,moneyline
2026-03-02,0.5184,1,moneyline
2026-03-02,0.2545,0,moneyline
2026-03-02,0.445,0,2_5
2026-03-02,0.2321,0,3_5
2026-03-02,0.7679,1,3_5
2026-03-02,0.788,1,3_5
2026-03-02,0.212,0,3_5
2026-03-02,0.555,1,2_5
2026-03-02,0.4235,0,2_5
2026-03-02,0.1666,0,moneyline
2026-03-02,0.2871,0,3_5
2026-03-02,0.4917,0,2_5
2026-03-02,0.5083,1,2_5
2026-03-02,0.7129,1,3_5
2026-03-02,0.2549,0,moneyline
2026-03-02,0.4151,0,moneyline
2026-03-02,0.324,1,moneyline
2026-03-01,0.1832,0,moneyline
2026-03-01,0.2275,0,moneyline
2026-03-01,0.638,1,2_5
2026-03-01,0.362,0,2_5
2026-03-01,0.4185,1,3_5
2026-03-01,0.5815,0,3_5
2026-03-01,0.5515,1,moneyline
2026-03-01,0.3988,1,moneyline
2026-03-01,0.2311,0,moneyline
2026-03-01,0.5167,0,2_5
2026-03-01,0.4833,1,2_5
2026-03-01,0.2944,0,3_5
2026-03-01,0.7056,1,3_5
2026-03-01,0.4002,1,moneyline
2026-03-01,0.3492,0,moneyline
2026-03-01,0.2412,0,moneyline
2026-03-01,0.5739,0,2_5
2026-03-01,0.4261,1,2_5
2026-03-01,0.3499,0,3_5
2026-03-01,0.3585,0,moneyline
2026-03-01,0.3654,1,2_5
2026-03-01,0.8296,0,3_5
2026-03-01,0.1704,1,3_5
2026-03-01,0.3075,1,moneyline
2026-03-01,0.4121,0,moneyline
2026-03-01,0.2774,0,moneyline
2026-03-01,0.4163,0,2_5
2026-03-01,0.5837,1,2_5
2026-03-01,0.2096,0,3_5
2026-03-01,0.7904,1,3_5
2026-03-01,0.5999,1,moneyline
2026-03-01,0.1664,0,moneyline
2026-03-01,0.2215,0,moneyline
2026-03-01,0.4964,0,2_5
2026-03-01,0.5036,1,2_5
2026-03-01,0.2757,0,3_5
2026-03-01,0.7243,1,3_5
2026-03-01,0.6106,0,moneyline
2026-03-01,0.1362,0,moneyline
2026-03-01,0.5037,1,moneyline
2026-03-01,0.2473,1,moneyline
2026-03-01,0.6346,0,2_5
2026-03-01,0.6501,1,3_5
2026-03-01,0.5908,1,moneyline
2026-03-01,0.2623,0,moneyline
2026-03-01,0.2042,0,moneyline
2026-03-01,0.4169,0,moneyline
2026-03-01,0.2972,0,moneyline
2026-03-01,0.2834,1,moneyline
2026-03-01,0.3925,1,2_5
2026-03-01,0.6075,0,2_5
2026-03-01,0.1913,1,3_5
2026-03-01,0.8087,0,3_5
2026-03-01,0.1804,1,moneyline
2026-03-01,0.5631,0,moneyline
2026-03-01,0.2505,0,moneyline
2026-03-01,0.4144,1,2_5
2026-03-01,0.5856,0,2_5
2026-03-01,0.2074,0,3_5
2026-03-01,0.7926,1,3_5
2026-03-01,0.2316,1,moneyline
2026-03-01,0.4885,0,moneyline
2026-03-01,0.2768,0,moneyline
2026-03-01,0.3797,0,2_5
2026-03-01,0.6203,1,2_5
2026-03-01,0.1816,0,3_5
2026-03-01,0.8184,1,3_5
2026-03-01,0.8522,1,3_5
2026-03-01,0.1478,0,3_5
2026-03-01,0.666,1,2_5
2026-03-01,0.7141,1,3_5
2026-03-01,0.6907,0,2_5
2026-03-01,0.3093,1,2_5
2026-03-01,0.4834,0,3_5
2026-03-01,0.5166,1,3_5
2026-03-01,0.3581,0,moneyline
2026-03-01,0.2567,0,moneyline
2026-03-01,0.507,1,2_5
2026-03-01,0.493,0,2_5
2026-03-01,0.2859,0,3_5
2026-03-01,0.6482,1,moneyline
2026-03-01,0.334,0,2_5
2026-03-01,0.1072,0,moneyline
2026-03-01,0.1274,0,moneyline
2026-03-01,0.7147,1,2_5
2026-03-01,0.2853,0,2_5
2026-03-01,0.5488,1,3_5
2026-03-01,0.4512,0,3_5
2026-03-01,0.0878,0,moneyline
2026-03-01,0.676,1,moneyline
2026-03-01,0.2292,0,moneyline
2026-03-01,0.3795,1,moneyline
2026-03-01,0.2066,0,moneyline
2026-03-01,0.4182,0,3_5
2026-03-01,0.6382,0,3_5
2026-03-01,0.1919,0,3_5
2026-03-01,0.6068,0,2_5
2026-03-01,0.3932,1,2_5
2026-03-01,0.3754,1,moneyline
2026-03-01,0.3365,0,moneyline
2026-03-01,0.5929,0,3_5
2026-03-01,0.4071,1,3_5
2026-03-01,0.3727,0,2_5
2026-03-01,0.6273,1,2_5
2026-03-01,0.2153,1,moneyline
2026-03-01,0.2455,0,moneyline
2026-03-01,0.5197,0,moneyline
2026-03-01,0.3618,1,3_5
2026-03-01,0.5227,1,moneyline
2026-03-01,0.4154,0,2_5
2026-03-01,0.5846,1,2_5
2026-03-01,0.174,1,moneyline
2026-03-01,0.1187,0,moneyline
2026-03-01,0.675,0,moneyline
2026-03-01,0.2436,0,moneyline
2026-03-01,0.2125,0,moneyline
2026-03-01,0.6371,1,2_5
2026-03-01,0.3629,0,2_5
2026-03-01,0.1516,0,moneyline
2026-03-01,0.5818,1,3_5
2026-03-01,0.6222,1,moneyline
2026-03-01,0.8081,1,3_5
2026-03-01,0.2858,0,moneyline
2026-03-01,0.4122,0,2_5
2026-03-01,0.6874,0,2_5
2026-03-01,0.6355,1,3_5
2026-03-01,0.3645,0,3_5
2026-03-01,0.5033,1,moneyline
2026-03-01,0.2015,0,moneyline
2026-03-01,0.293,0,moneyline
2026-03-01,0.3126,1,2_5
2026-03-01,0.5878,1,2_5
2026-03-01,0.1351,0,3_5
2026-03-01,0.8649,1,3_5
2026-03-01,0.2053,0,moneyline
2026-03-01,0.2881,0,3_5
2026-03-01,0.4898,0,2_5
2026-03-01,0.5102,1,2_5
2026-03-01,0.2111,0,moneyline
2026-03-01,0.7119,1,3_5
2026-02-28,0.5168,1,2_5
2026-02-28,0.4832,0,2_5
2026-02-28,0.2812,0,moneyline
2026-02-28,0.2263,0,moneyline
2026-02-28,0.4193,1,moneyline
2026-02-28,0.2968,0,moneyline
2026-02-28,0.7055,0,3_5
2026-02-28,0.4,0,2_5
2026-02-28,0.6,1,2_5
2026-02-28,0.197,0,3_5
2026-02-28,0.803,1,3_5
2026-02-28,0.6793,1,moneyline
2026-02-28,0.0814,0,moneyline
2026-02-28,0.2331,0,moneyline
2026-02-28,0.2945,1,3_5
2026-02-28,0.4131,0,2_5
2026-02-28,0.6189,1,3_5
2026-02-28,0.6383,0,moneyline
2026-02-28,0.5869,1,2_5
2026-02-28,0.1398,0,moneyline
2026-02-28,0.2057,1,moneyline
2026-02-28,0.5083,0,2_5
2026-02-28,0.4917,1,2_5
2026-02-28,0.2862,0,3_5
2026-02-28,0.7138,1,3_5
2026-02-28,0.6866,0,2_5
2026-02-28,0.3556,1,moneyline
2026-02-28,0.3612,0,moneyline
2026-02-28,0.2805,0,moneyline
2026-02-28,0.7929,1,3_5
2026-02-28,0.2071,0,3_5
2026-02-28,0.3134,1,2_5
2026-02-28,0.2725,0,moneyline
2026-02-28,0.1342,1,3_5
2026-02-28,0.8658,0,3_5
2026-02-28,0.5584,1,2_5
2026-02-28,0.2237,0,moneyline
2026-02-28,0.5464,1,moneyline
2026-02-28,0.2162,0,moneyline
2026-02-28,0.7025,1,3_5
2026-02-28,0.2975,0,3_5
2026-02-28,0.4801,1,2_5
2026-02-28,0.5199,0,2_5
2026-02-28,0.2379,1,moneyline
2026-02-28,0.2337,0,moneyline
2026-02-28,0.519,0,moneyline
2026-02-28,0.0699,0,moneyline
2026-02-28,0.7439,1,moneyline
2026-02-28,0.1392,0,moneyline
2026-02-28,0.5744,1,2_5
2026-02-28,0.4256,0,2_5
2026-02-28,0.3519,0,3_5
2026-02-28,0.4416,0,2_5
2026-02-28,0.3343,1,3_5
2026-02-28,0.6657,0,3_5
2026-02-28,0.7231,1,moneyline
2026-02-28,0.1925,0,moneyline
2026-02-28,0.5694,1,moneyline
2026-02-28,0.6012,1,3_5
2026-02-28,0.3988,0,3_5
2026-02-28,0.3804,1,2_5
2026-02-28,0.6196,0,2_5
2026-02-28,0.2061,0,moneyline
2026-02-28,0.0713,0,moneyline
2026-02-28,0.4003,1,2_5
2026-02-28,0.1188,0,moneyline
2026-02-28,0.6537,0,2_5
2026-02-28,0.3463,1,2_5
2026-02-28,0.4517,0,3_5
2026-02-28,0.5483,1,3_5
2026-02-28,0.5647,1,moneyline
2026-02-28,0.2066,0,moneyline
2026-02-28,0.3811,0,3_5
2026-02-28,0.4078,0,moneyline
2026-02-28,0.5997,0,2_5
2026-02-28,0.1374,0,moneyline
2026-02-28,0.2651,0,moneyline
2026-02-28,0.3205,0,2_5
2026-02-28,0.6795,1,2_5
2026-02-28,0.1397,0,3_5
2026-02-28,0.8603,1,3_5
2026-02-28,0.565,0,3_5
2026-02-28,0.435,1,3_5
2026-02-28,0.3518,0,2_5
2026-02-28,0.6482,1,2_5
2026-02-28,0.1668,0,moneyline
2026-02-28,0.5903,1,moneyline
2026-02-28,0.1613,0,moneyline
2026-02-28,0.2411,0,moneyline
2026-02-28,0.4198,0,2_5
2026-02-28,0.1267,0,moneyline
2026-02-28,0.2115,0,3_5
2026-02-28,0.7885,1,3_5
2026-02-28,0.5936,1,moneyline
2026-02-28,0.7837,1,3_5
2026-02-28,0.6542,1,moneyline
2026-02-28,0.2163,0,3_5
2026-02-28,0.6297,1,2_5
2026-02-28,0.1746,0,3_5
2026-02-28,0.8254,1,3_5
2026-02-28,0.5202,1,moneyline
2026-02-28,0.2037,0,moneyline
2026-02-28,0.5541,1,3_5
2026-02-28,0.4459,0,3_5
2026-02-28,0.3385,1,2_5
2026-02-28,0.6615,0,2_5
2026-02-28,0.2226,0,moneyline
2026-02-28,0.3836,1,moneyline
2026-02-28,0.3755,0,moneyline
2026-02-28,0.4643,0,moneyline
2026-02-28,0.2626,0,moneyline
2026-02-28,0.2692,1,moneyline
2026-02-28,0.425,0,2_5
2026-02-28,0.575,1,2_5
2026-02-28,0.1334,0,moneyline
2026-02-28,0.5802,1,2_5
2026-02-28,0.6481,1,3_5
2026-02-28,0.5642,0,2_5
2026-02-28,0.2822,0,2_5
2026-02-28,0.7178,1,2_5
2026-02-28,0.2063,0,moneyline
2026-02-28,0.4816,0,3_5
2026-02-28,0.445,1,moneyline
2026-02-28,0.641,1,3_5
2026-02-28,0.359,0,3_5
2026-02-28,0.317,0,moneyline
2026-02-28,0.775,0,3_5
2026-02-28,0.225,1,3_5
2026-02-28,0.4358,1,2_5
2026-02-28,0.2727,0,moneyline
2026-02-28,0.3161,1,moneyline
2026-02-28,0.4172,1,2_5
2026-02-28,0.5828,0,2_5
2026-02-28,0.2285,0,moneyline
2026-02-28,0.2588,0,moneyline
2026-02-28,0.4996,1,moneyline
2026-02-28,0.3703,0,2_5
2026-02-28,0.7491,0,moneyline
2026-02-28,0.064,1,moneyline
2026-02-28,0.5184,1,3_5
2026-02-27,0.3021,0,moneyline
2026-02-27,0.1309,1,moneyline
2026-02-27,0.3376,0,2_5
2026-02-27,0.6624,1,2_5
2026-02-27,0.152,0,3_5
2026-02-27,0.848,1,3_5
2026-02-27,0.602,0,moneyline
2026-02-27,0.2517,0,3_5
2026-02-27,0.7483,1,3_5
2026-02-27,0.3174,0,2_5
2026-02-27,0.532,1,2_5
2026-02-27,0.3419,0,moneyline
2026-02-27,0.1376,0,3_5
2026-02-27,0.8624,1,3_5
2026-02-27,0.2631,0,moneyline
2026-02-27,0.3268,0,moneyline
2026-02-27,0.35,0,moneyline
2026-02-27,0.3224,1,moneyline
2026-02-27,0.2845,0,2_5
2026-02-27,0.7155,1,2_5
2026-02-27,0.1176,0,3_5
2026-02-27,0.8824,1,3_5
2026-02-27,0.4084,0,moneyline
2026-02-27,0.468,0,2_5
2026-02-27,0.2398,1,moneyline
2026-02-27,0.5788,0,2_5
2026-02-27,0.4212,1,2_5
2026-02-27,0.3549,0,3_5
2026-02-27,0.3861,1,moneyline
2026-02-27,0.3104,0,moneyline
2026-02-27,0.6451,1,3_5
2026-02-27,0.4215,1,moneyline
2026-02-27,0.6826,1,2_5
2026-02-27,0.2637,0,moneyline
2026-02-27,0.3102,0,moneyline
