element,name,pos,round,total_points,roll_clean_sheets_p90,roll_yellow_cards_p90,roll_bps_p90,roll_creativity_p90,roll_threat_p90,roll_defensive_contribution_p90,roll_expected_goals_p90,roll_expected_assists_p90,roll_expected_goals_conceded_p90,roll_goal_overperf_p90,roll_assist_overperf_p90,roll_goal_conceded_overperf_p90,roll_minutes,roll_value,roll_transfers_balance,roll_selected,was_home,opponent_team
30,Havertz,FWD,28,1,1.15,0.0,23.08,18.81,12.69,5.77,0.12,0.03,0.64,-0.12,0.54,-0.64,52.0,73.67,8145.67,81349.67,True,7
30,Havertz,FWD,33,6,0.95,0.0,15.21,15.24,19.33,5.7,0.4,0.03,0.73,-0.4,0.29,-0.41,47.33,73.0,1247.67,63575.83,False,13
30,Havertz,FWD,34,4,0.57,0.0,16.62,11.32,36.69,4.87,0.72,0.02,1.01,-0.44,0.26,-0.15,52.33,73.0,-934.33,64399.5,True,15
30,Havertz,FWD,36,1,0.32,0.0,14.73,9.42,36.51,4.8,0.74,0.02,1.18,-0.42,0.3,-0.22,46.83,73.0,4647.17,78074.5,False,19
30,Havertz,FWD,37,8,0.31,0.0,14.9,9.34,36.62,4.66,0.72,0.02,1.37,-0.41,0.29,-0.43,48.33,73.0,5432.5,79408.67,True,3
30,Havertz,FWD,38,4,0.54,0.27,20.66,17.84,40.51,4.08,0.71,0.11,1.17,-0.16,0.16,-0.36,55.17,73.0,6182.0,81518.33,False,8
64,Watkins,FWD,4,2,0.33,0.0,7.33,12.7,30.67,3.33,0.38,0.04,1.77,-0.38,-0.04,-0.44,90.0,89.67,-207862.33,2528659.67,False,9
64,Watkins,FWD,5,2,0.51,0.0,7.16,14.16,24.03,3.07,0.29,0.04,1.77,-0.29,-0.04,-0.74,88.0,89.5,-274457.5,2349230.75,False,17
64,Watkins,FWD,6,8,0.41,0.0,6.52,11.44,20.36,2.85,0.23,0.03,1.62,-0.23,-0.03,-0.6,88.4,89.2,-253317.4,2222098.6,True,10
64,Watkins,FWD,7,2,0.34,0.0,10.49,10.23,21.48,2.88,0.24,0.03,1.5,-0.07,-0.03,-0.49,88.67,88.83,-299635.17,2047278.17,True,3
64,Watkins,FWD,8,1,0.35,0.0,8.86,9.23,20.02,2.3,0.28,0.04,1.34,-0.1,-0.04,-0.27,84.67,88.33,-300334.67,1805824.5,False,18
64,Watkins,FWD,9,2,0.4,0.0,9.06,7.91,19.73,2.82,0.26,0.03,1.32,-0.05,-0.03,-0.32,74.5,87.67,-316061.67,1514628.83,True,13
64,Watkins,FWD,10,2,0.61,0.0,9.57,8.25,16.49,3.05,0.15,0.03,1.0,0.05,-0.03,-0.59,73.67,87.17,-253631.67,1289757.67,False,12
64,Watkins,FWD,11,2,0.41,0.0,10.37,7.67,16.38,2.9,0.16,0.03,0.91,0.05,-0.03,-0.09,72.33,86.5,-183702.67,1123904.33,True,4
64,Watkins,FWD,12,2,0.64,0.0,10.4,7.94,25.05,3.4,0.28,0.03,1.04,-0.07,-0.03,-0.4,70.67,86.0,-158816.67,972370.67,False,11
64,Watkins,FWD,13,1,0.67,0.0,4.49,9.85,27.38,2.92,0.31,0.03,1.2,-0.31,-0.03,-0.53,66.83,85.67,-70995.17,911486.0,True,20
64,Watkins,FWD,14,13,0.49,0.0,5.58,12.42,26.93,3.64,0.27,0.04,1.33,-0.27,-0.04,-0.6,61.83,85.33,-63562.0,858614.17,False,6
64,Watkins,FWD,15,2,0.42,0.0,18.97,15.47,38.36,2.95,0.43,0.09,1.43,-0.01,-0.09,-0.16,71.17,85.17,-29870.83,834083.83,True,1
64,Watkins,FWD,16,5,0.22,0.0,20.34,13.86,45.55,3.54,0.61,0.08,1.6,-0.17,-0.08,-0.05,67.83,85.0,-9542.33,829481.0,False,19
64,Watkins,FWD,17,5,0.22,0.0,21.23,11.1,46.44,3.32,0.61,0.08,1.57,-0.17,0.15,-0.02,67.83,85.0,21907.5,860355.33,True,14
64,Watkins,FWD,18,12,0.0,0.0,22.89,13.67,40.4,2.69,0.53,0.08,1.52,-0.08,0.37,0.28,66.83,85.0,23467.0,887735.0,False,7
64,Watkins,FWD,19,5,0.0,0.0,39.34,13.23,55.33,3.2,0.66,0.09,1.36,0.32,0.41,0.36,61.0,85.0,14494.0,903160.5,False,1
64,Watkins,FWD,20,7,0.0,0.21,37.71,9.6,58.5,2.79,0.92,0.07,1.79,0.15,0.36,0.57,70.0,85.0,13834.5,913866.5,True,16
64,Watkins,FWD,21,2,0.0,0.22,30.22,5.09,49.86,3.24,0.84,0.04,1.64,0.02,0.39,0.3,69.5,85.17,53347.0,976015.83,False,8
64,Watkins,FWD,22,2,0.2,0.2,27.69,4.81,45.0,3.26,0.82,0.04,1.56,-0.01,0.37,0.07,73.67,85.5,139905.0,1124451.33,True,9
64,Watkins,FWD,23,8,0.2,0.2,24.76,5.29,45.98,3.34,0.81,0.04,1.41,-0.03,0.16,-0.04,76.33,86.0,126103.0,1252167.17,False,15
64,Watkins,FWD,25,2,0.38,0.19,29.05,7.56,54.87,3.99,0.87,0.05,1.55,0.08,-0.05,-0.41,79.0,86.5,110073.17,1366554.83,False,4
64,Watkins,FWD,26,2,0.34,0.17,16.05,6.71,39.28,3.76,0.68,0.04,1.66,-0.17,-0.04,-0.47,87.83,86.83,70192.0,1420959.5,True,6
64,Watkins,FWD,27,2,0.53,0.0,13.59,6.9,32.82,3.35,0.42,0.05,1.25,-0.07,-0.05,-0.72,85.0,87.17,51164.17,1454688.0,True,11
64,Watkins,FWD,28,2,0.52,0.0,9.38,10.55,30.41,2.95,0.35,0.03,1.33,-0.17,-0.03,-0.81,86.33,87.17,17684.83,1452890.0,False,20
64,Watkins,FWD,29,1,0.35,0.0,9.47,10.77,24.56,2.46,0.2,0.03,1.15,-0.02,-0.03,-0.45,85.5,87.0,-74765.33,1358521.83,True,7
64,Watkins,FWD,30,0,0.37,0.18,9.49,10.42,29.39,2.92,0.22,0.03,1.7,-0.04,-0.03,-0.42,82.17,86.67,-100521.0,1239379.5,False,14
64,Watkins,FWD,31,9,0.19,0.39,2.34,6.74,18.51,2.34,0.12,0.02,1.49,-0.12,-0.02,0.07,77.0,86.17,-92573.83,1129950.5,True,19
64,Watkins,FWD,32,2,0.39,0.39,9.72,9.51,27.41,2.72,0.23,0.02,1.33,-0.03,-0.02,0.03,77.17,85.83,-34602.0,1122854.83,False,16
64,Watkins,FWD,33,16,0.19,0.38,9.45,11.12,27.42,3.21,0.26,0.02,1.43,-0.08,-0.02,0.08,79.33,85.5,-18047.33,1108665.67,True,17
64,Watkins,FWD,34,2,0.19,0.39,21.48,12.81,39.87,3.48,0.46,0.02,1.27,0.12,0.17,0.28,77.5,85.33,-14841.17,1091987.33,False,10
64,Watkins,FWD,35,1,0.2,0.39,21.96,14.53,42.75,3.53,0.53,0.03,1.4,0.06,0.17,0.17,76.5,85.5,152801.17,1369130.67,True,18
64,Watkins,FWD,36,9,0.21,0.21,24.27,18.06,39.09,3.22,0.54,0.03,0.84,0.11,0.19,0.02,69.83,85.83,163632.67,1531936.33,False,3
64,Watkins,FWD,37,15,0.2,0.0,29.4,17.44,41.6,3.2,0.53,0.03,1.04,0.27,0.17,-0.04,75.0,86.33,153658.17,1683753.83,True,12
64,Watkins,FWD,38,13,0.0,0.2,34.49,16.26,54.32,2.58,0.7,0.02,1.14,0.29,0.37,0.25,75.67,86.67,118081.5,1777702.17,False,13
97,Evanilson,FWD,4,5,0.7,0.35,16.11,23.74,29.42,3.85,0.28,0.03,0.96,0.07,-0.03,0.44,85.67,70.0,-730.33,229583.33,True,6
97,Evanilson,FWD,5,2,0.52,0.26,16.86,18.16,32.16,4.67,0.24,0.03,0.87,0.02,0.23,0.43,86.75,70.0,12992.25,246247.75,True,15
97,Evanilson,FWD,6,2,0.62,0.21,15.24,16.81,27.39,4.74,0.21,0.03,0.72,-0.01,0.18,0.31,87.4,70.0,21426.0,268900.0,False,11
97,Evanilson,FWD,7,2,0.51,0.17,13.49,16.12,24.08,4.44,0.18,0.04,0.91,-0.01,0.13,0.28,87.83,70.0,26900.83,294418.33,True,10
97,Evanilson,FWD,10,1,0.51,0.0,15.37,18.2,26.64,4.27,0.18,0.05,0.68,-0.01,0.12,-0.0,87.83,70.0,21749.83,328573.0,False,13
97,Evanilson,FWD,11,2,0.38,0.0,15.0,11.75,29.23,4.62,0.2,0.05,0.75,-0.01,0.14,0.02,78.0,70.0,4224.5,308331.33,False,2
97,Evanilson,FWD,12,5,0.19,0.0,8.92,10.2,20.56,4.07,0.15,0.05,0.95,-0.15,0.14,0.41,77.33,70.0,12864.0,300654.0,True,19
97,Evanilson,FWD,13,5,0.19,0.0,8.15,10.2,24.44,3.3,0.22,0.05,0.95,-0.22,0.14,0.6,77.33,70.0,5583.67,281579.0,False,17
97,Evanilson,FWD,14,1,0.0,0.0,9.54,8.4,34.97,3.18,0.39,0.05,1.19,-0.39,0.35,1.0,75.5,70.0,-2611.17,252823.0,True,9
97,Evanilson,FWD,15,2,0.0,0.0,9.41,11.71,39.03,3.44,0.45,0.06,1.09,-0.45,0.39,1.21,65.33,70.0,-10874.67,215011.5,True,7
97,Evanilson,FWD,16,6,0.23,0.0,6.49,9.16,33.63,2.78,0.59,0.06,1.11,-0.59,0.41,0.98,64.67,70.0,-7615.83,180363.67,False,14
97,Evanilson,FWD,17,2,0.21,0.0,12.56,8.53,33.98,2.88,0.58,0.06,1.5,-0.37,0.35,0.97,72.83,70.0,-1261.0,180426.0,True,3
97,Evanilson,FWD,18,1,0.43,0.0,13.4,10.74,33.19,2.77,0.54,0.06,1.31,-0.33,0.37,0.6,70.5,70.0,14657.83,200108.17,False,5
97,Evanilson,FWD,19,2,0.48,0.0,12.38,11.69,25.24,2.62,0.56,0.06,1.82,-0.32,0.18,0.32,63.0,70.0,7082.67,206629.0,False,7
97,Evanilson,FWD,20,7,0.47,0.0,11.13,13.9,16.34,2.61,0.35,0.08,2.02,-0.11,-0.08,-0.13,63.33,70.0,1265.83,208050.33,True,1
97,Evanilson,FWD,21,6,0.42,0.0,15.71,10.12,19.1,2.97,0.47,0.04,1.9,-0.05,-0.04,0.22,70.67,70.0,-1916.17,206549.17,True,18
97,Evanilson,FWD,22,2,0.22,0.0,23.12,13.33,24.91,3.37,0.33,0.05,1.87,0.34,-0.05,0.6,66.83,70.0,1817.5,209782.83,False,6
97,Evanilson,FWD,23,8,0.22,0.0,16.09,13.11,26.52,3.91,0.34,0.04,1.42,0.1,-0.04,0.53,69.0,70.0,4875.67,215896.33,True,12
97,Evanilson,FWD,24,2,0.0,0.0,20.57,12.46,33.8,4.68,0.52,0.03,1.52,0.1,-0.03,0.72,73.67,70.0,-10013.5,203013.0,False,20
97,Evanilson,FWD,25,2,0.19,0.0,19.46,13.25,30.69,5.05,0.42,0.03,1.21,0.14,-0.03,0.47,80.17,70.17,40322.83,249150.0,True,2
97,Evanilson,FWD,26,1,0.18,0.0,18.04,17.63,37.91,4.79,0.51,0.03,0.89,0.04,-0.03,0.58,81.5,70.33,37188.83,287767.67,False,9
97,Evanilson,FWD,27,2,0.19,0.0,15.22,16.48,39.39,4.38,0.41,0.04,1.1,-0.02,-0.04,0.04,78.83,70.33,30610.33,318680.33,False,19
97,Evanilson,FWD,28,6,0.37,0.0,10.67,13.84,33.68,4.05,0.37,0.03,1.58,-0.19,-0.03,-0.66,81.5,70.17,22714.83,342326.5,True,17
97,Evanilson,FWD,29,2,0.41,0.0,16.44,15.04,38.01,3.49,0.37,0.03,1.65,0.04,-0.03,-0.82,73.0,70.0,18949.83,362330.17,True,5
97,Evanilson,FWD,30,2,0.63,0.0,12.44,16.5,28.88,3.58,0.18,0.07,1.55,0.03,-0.07,-1.13,71.17,69.83,11508.17,374605.33,False,3
97,Evanilson,FWD,31,5,0.62,0.0,11.85,15.03,35.96,3.74,0.33,0.07,1.58,-0.12,-0.07,-1.17,72.17,69.33,-31132.5,341117.0,True,14
97,Evanilson,FWD,32,5,0.62,0.0,14.1,8.13,24.68,4.77,0.22,0.05,1.85,-0.01,0.16,-1.23,72.33,68.83,-25161.33,316304.5,False,1
97,Evanilson,FWD,33,5,0.58,0.0,16.03,10.0,22.79,5.21,0.19,0.05,1.77,0.0,0.34,-1.19,77.67,68.5,-18507.33,299590.0,False,15
97,Evanilson,FWD,33,1,0.38,0.0,17.05,11.8,25.2,5.87,0.4,0.05,1.35,-0.21,0.52,-0.59,79.17,68.17,6211.0,315371.17,True,11
97,Evanilson,FWD,35,5,0.34,0.17,10.78,14.92,21.22,5.65,0.35,0.06,1.28,-0.35,0.46,-0.25,87.67,67.83,27306.17,333387.17,True,8
97,Evanilson,FWD,36,1,0.34,0.17,11.98,12.13,22.93,5.82,0.39,0.05,1.27,-0.39,0.63,-0.25,87.67,67.5,33730.0,340868.0,False,10
97,Evanilson,FWD,37,2,0.19,0.19,12.99,12.84,18.64,5.46,0.31,0.06,1.25,-0.31,0.7,-0.12,79.67,67.33,31869.17,345764.83,True,13
97,Evanilson,FWD,38,2,0.38,0.19,12.86,14.69,19.47,5.48,0.43,0.06,1.14,-0.43,0.5,-0.38,79.33,67.17,29561.0,349381.5,False,16
100,Kroupi.Jr,FWD,13,1,0.28,0.28,38.89,14.97,50.56,6.94,0.73,0.04,1.69,0.38,-0.04,0.81,54.0,45.5,62432.67,402785.83,False,17
100,Kroupi.Jr,FWD,14,2,0.28,0.0,31.57,15.31,40.43,6.65,0.67,0.04,1.69,0.16,-0.04,0.8,54.17,45.67,57110.0,464921.33,True,9
100,Kroupi.Jr,FWD,16,5,0.58,0.0,17.65,16.06,28.36,5.79,0.36,0.04,1.28,-0.07,-0.04,0.74,51.83,45.83,50722.83,519097.17,False,14
100,Kroupi.Jr,FWD,24,7,0.31,0.63,24.46,12.79,20.38,6.9,0.24,0.02,1.12,0.39,-0.02,0.45,47.83,46.0,21977.83,531584.0,False,20
100,Kroupi.Jr,FWD,25,2,0.55,0.55,29.91,13.01,19.48,6.31,0.22,0.07,1.04,0.6,-0.07,0.06,54.67,46.0,30889.5,559711.0,True,2
100,Kroupi.Jr,FWD,26,1,0.52,0.52,28.27,15.2,23.34,6.48,0.38,0.06,0.69,0.4,-0.06,0.09,57.83,46.17,52670.17,612125.17,False,9
100,Kroupi.Jr,FWD,27,2,0.5,0.25,21.57,17.93,20.58,6.45,0.35,0.1,0.88,0.14,-0.1,-0.14,60.5,46.33,69876.83,684409.17,False,19
100,Kroupi.Jr,FWD,28,2,0.7,0.23,15.77,21.29,14.15,6.49,0.19,0.1,1.5,0.05,-0.1,-1.04,64.67,46.5,73662.67,759569.67,True,17
100,Kroupi.Jr,FWD,29,1,0.45,0.23,13.38,23.46,14.74,5.44,0.23,0.1,1.65,-0.0,-0.1,-0.97,66.17,46.67,64737.33,825352.83,True,5
100,Kroupi.Jr,FWD,30,2,0.52,0.0,15.3,26.66,18.16,7.26,0.3,0.12,1.75,-0.04,-0.12,-1.23,57.83,46.83,49980.33,875930.5,False,3
100,Kroupi.Jr,FWD,31,5,0.5,0.0,9.78,33.32,17.8,7.77,0.33,0.14,1.89,-0.33,-0.14,-1.39,59.83,47.0,19937.33,896456.5,True,14
100,Kroupi.Jr,FWD,32,6,0.58,0.0,13.85,35.48,20.48,8.37,0.43,0.16,2.06,-0.14,-0.16,-1.77,52.0,47.0,-5743.67,874491.5,False,1
100,Kroupi.Jr,FWD,33,2,0.49,0.25,17.31,27.02,28.93,6.92,0.53,0.1,2.03,-0.03,-0.1,-1.54,60.67,47.0,-36351.0,838571.83,False,15
100,Kroupi.Jr,FWD,33,8,0.53,0.26,17.42,20.32,30.35,7.39,0.6,0.1,1.45,-0.07,-0.1,-0.93,56.83,46.83,-24001.83,816895.17,True,11
100,Kroupi.Jr,FWD,35,6,0.54,0.54,25.95,20.78,34.86,7.3,0.6,0.16,1.25,0.21,-0.16,-0.71,55.5,46.67,-6742.67,795054.67,True,8
100,Kroupi.Jr,FWD,36,2,0.7,0.47,26.81,18.77,37.54,5.83,0.72,0.13,1.08,0.21,-0.13,-0.62,64.33,46.5,3705.33,770363.0,False,10
100,Kroupi.Jr,FWD,37,8,0.7,0.47,23.14,7.9,32.96,4.44,0.67,0.07,1.0,0.26,-0.07,-0.53,64.17,46.33,27546.33,769589.67,True,13
100,Kroupi.Jr,FWD,38,2,0.81,0.41,23.36,7.66,29.26,3.86,0.46,0.09,1.06,0.36,-0.09,-0.66,73.83,46.17,31930.17,788816.33,False,16
135,Wissa,FWD,24,1,0.32,0.0,15.27,8.97,37.69,3.9,0.51,0.02,0.98,-0.18,-0.02,-0.01,46.17,73.0,8114.0,106251.83,False,12
135,Wissa,FWD,25,2,0.33,0.0,15.55,5.82,36.4,4.3,0.47,0.02,0.9,-0.14,-0.02,0.43,45.33,73.0,6343.17,112974.83,True,5
136,Thiago,FWD,4,1,0.33,0.33,16.67,14.8,19.33,5.0,0.42,0.04,1.53,0.25,-0.04,0.14,90.0,60.0,12519.33,117960.33,True,7
136,Thiago,FWD,5,2,0.26,0.53,15.04,15.55,15.31,5.01,0.33,0.04,1.41,0.2,-0.04,0.17,85.25,60.0,16433.75,135525.0,False,10
136,Thiago,FWD,6,13,0.22,0.44,13.78,13.44,16.67,5.11,0.3,0.04,1.42,0.14,-0.04,0.58,81.0,60.0,16958.2,151152.4,True,14
136,Thiago,FWD,7,2,0.18,0.36,22.59,11.73,21.13,5.1,0.37,0.03,1.52,0.36,-0.03,0.3,82.33,60.0,11287.83,158895.0,True,13
136,Thiago,FWD,8,8,0.19,0.38,21.78,10.7,21.59,5.54,0.35,0.03,1.39,0.23,-0.03,0.13,78.5,60.0,30040.5,199511.67,False,19
136,Thiago,FWD,9,5,0.19,0.38,27.32,9.29,35.92,4.97,0.46,0.03,1.23,0.3,-0.03,0.3,78.5,60.17,51524.0,260479.67,True,12
136,Thiago,FWD,10,2,0.19,0.38,24.84,6.42,46.62,5.35,0.65,0.01,1.38,0.11,-0.01,0.15,78.5,60.33,65183.83,332972.33,False,8
136,Thiago,FWD,11,13,0.18,0.18,23.88,5.9,45.55,5.51,0.63,0.01,1.31,0.11,-0.01,0.34,81.67,60.67,128656.17,470439.17,True,15
136,Thiago,FWD,12,4,0.17,0.17,31.22,5.76,50.23,5.58,0.78,0.01,1.14,0.26,-0.01,0.08,86.0,61.0,139056.5,616706.0,False,6
136,Thiago,FWD,13,13,0.17,0.17,22.28,7.05,51.35,6.62,0.96,0.02,1.01,-0.09,-0.02,0.38,86.17,61.67,239627.67,872802.0,True,3
136,Thiago,FWD,14,1,0.17,0.17,27.83,6.53,56.67,6.67,1.0,0.02,0.99,0.16,-0.02,0.35,90.0,62.67,379494.83,1318870.33,False,1
136,Thiago,FWD,15,2,0.0,0.19,25.87,7.86,46.88,6.94,0.97,0.02,1.27,0.16,-0.02,0.42,80.0,63.67,394612.0,1714138.67,False,18
136,Thiago,FWD,16,2,0.0,0.0,23.62,7.59,38.81,6.56,0.81,0.02,1.25,0.12,-0.02,0.44,80.0,64.83,464572.83,2181136.0,True,11
136,Thiago,FWD,17,2,0.0,0.0,23.06,5.98,38.06,6.56,0.81,0.02,1.4,0.12,-0.02,0.1,80.0,66.33,636698.5,2834596.83,False,20
136,Thiago,FWD,18,5,0.19,0.0,13.12,5.94,27.75,5.62,0.59,0.02,1.56,-0.03,-0.02,-0.25,80.0,68.0,599846.33,3431340.5,True,4
136,Thiago,FWD,19,2,0.19,0.0,15.38,9.08,23.44,4.5,0.31,0.05,1.84,0.07,0.13,-0.72,80.0,69.17,345864.5,3737134.33,True,18
136,Thiago,FWD,20,17,0.38,0.0,7.12,9.68,12.56,3.94,0.12,0.05,1.85,-0.12,0.13,-0.92,80.0,69.83,149463.83,3805538.33,False,9
136,Thiago,FWD,21,12,0.33,0.0,21.33,7.73,26.83,3.5,0.4,0.05,1.59,0.1,0.11,-0.59,90.0,70.17,62706.5,3879108.33,True,17
136,Thiago,FWD,22,2,0.51,0.17,32.88,11.61,40.34,4.07,0.61,0.08,1.52,0.24,0.09,-0.85,88.5,70.5,88456.5,3985763.83,False,7
136,Thiago,FWD,23,2,0.51,0.17,33.05,12.97,44.58,3.9,0.64,0.09,1.54,0.21,0.08,-0.69,88.5,70.5,-60028.17,3924709.5,True,16
136,Thiago,FWD,24,2,0.34,0.17,34.07,12.95,46.61,4.92,0.71,0.09,1.45,0.14,0.08,-0.27,88.5,70.5,16419.5,3963425.0,False,2
136,Thiago,FWD,25,5,0.51,0.17,30.0,8.42,42.71,5.59,0.68,0.05,1.4,0.17,-0.05,-0.38,88.5,70.67,125159.17,4133922.67,False,15
136,Thiago,FWD,26,2,0.34,0.34,32.71,10.22,44.58,5.93,0.78,0.05,1.61,0.24,-0.05,-0.25,88.5,70.83,90755.0,4258810.67,True,1
136,Thiago,FWD,27,2,0.34,0.34,17.29,11.44,37.97,6.44,0.62,0.09,1.56,-0.11,-0.09,-0.38,88.5,71.0,83373.0,4342043.33,True,6
136,Thiago,FWD,28,6,0.17,0.17,6.17,9.57,21.5,5.83,0.41,0.13,1.45,-0.25,-0.13,0.05,90.0,71.0,5914.67,4353420.33,False,3
136,Thiago,FWD,29,2,0.17,0.33,11.17,10.08,27.0,6.0,0.48,0.12,1.35,-0.15,-0.12,0.32,90.0,71.0,-43116.5,4319791.83,False,4
136,Thiago,FWD,30,6,0.33,0.33,11.83,12.27,25.0,6.17,0.41,0.13,1.54,-0.08,-0.13,-0.2,90.0,71.0,-76939.0,4249227.33,True,20
136,Thiago,FWD,31,4,0.17,0.33,16.0,12.52,32.33,5.83,0.72,0.13,1.37,-0.22,-0.13,0.3,90.0,71.0,-13214.0,4248104.5,False,11
136,Thiago,FWD,32,13,0.33,0.17,15.0,14.63,30.67,7.67,0.59,0.13,1.08,-0.26,-0.13,0.25,90.0,71.33,90514.67,4386216.0,True,9
136,Thiago,FWD,33,2,0.33,0.17,22.67,14.85,29.83,7.83,0.7,0.1,1.24,-0.03,-0.1,0.26,90.0,71.83,102538.0,4507001.0,True,10
136,Thiago,FWD,34,1,0.5,0.17,23.0,13.97,30.0,8.5,0.68,0.03,1.18,-0.01,-0.03,-0.02,90.0,72.33,60932.0,4507818.5,False,14
136,Thiago,FWD,35,6,0.5,0.17,16.83,15.52,22.0,8.17,0.58,0.03,1.23,-0.08,-0.03,-0.23,90.0,72.83,39955.5,4557014.5,True,19
136,Thiago,FWD,36,2,0.5,0.17,18.5,13.18,28.5,7.5,0.77,0.02,1.07,-0.1,-0.03,-0.07,90.0,73.17,15505.67,4576139.33,False,13
136,Thiago,FWD,37,2,0.5,0.17,15.83,14.8,27.17,7.33,0.49,0.03,1.33,0.01,-0.03,-0.17,90.0,73.33,-68583.5,4504929.83,True,8
136,Thiago,FWD,38,2,0.33,0.17,13.83,12.18,28.33,6.0,0.5,0.03,1.53,-0.0,-0.03,-0.03,90.0,73.33,-91030.17,4382186.67,False,12
178,Welbeck,FWD,4,2,0.0,0.0,0.0,10.79,16.32,2.11,0.82,0.14,1.84,-0.82,-0.14,0.27,57.0,64.67,-67680.67,371735.67,False,4
178,Welbeck,FWD,5,1,0.0,0.0,2.66,8.89,14.81,3.04,0.63,0.11,1.78,-0.63,-0.11,0.5,59.25,64.25,-61399.25,341900.0,True,18
178,Welbeck,FWD,6,11,0.0,0.0,3.57,8.71,17.14,2.86,0.6,0.12,1.7,-0.6,-0.12,0.8,50.4,64.0,-52921.0,321430.0,False,7
178,Welbeck,FWD,7,1,0.0,0.33,19.31,8.02,33.38,3.27,0.8,0.11,1.7,-0.14,-0.11,0.59,45.83,63.83,-48942.67,303427.17,False,20
178,Welbeck,FWD,8,13,0.0,0.52,13.87,9.76,27.21,3.14,0.64,0.1,1.44,-0.12,-0.1,0.39,57.33,63.5,-38349.67,277170.0,True,15
178,Welbeck,FWD,9,6,0.0,0.52,34.37,17.58,27.55,3.94,0.38,0.09,1.39,0.67,-0.09,0.19,57.17,63.17,-23556.83,261219.83,False,14
178,Welbeck,FWD,10,6,0.0,0.48,37.88,18.72,31.61,3.62,0.4,0.05,1.19,0.8,-0.05,0.98,62.17,63.0,22461.33,292745.83,True,11
178,Welbeck,FWD,11,2,0.23,0.46,42.68,20.3,34.1,3.48,0.58,0.05,0.93,0.81,-0.05,0.7,64.67,63.17,102619.67,408997.33,False,8
178,Welbeck,FWD,12,8,0.39,0.39,36.63,17.67,27.96,4.14,0.48,0.04,0.89,0.7,-0.04,0.29,76.17,63.5,134670.83,551520.0,True,5
178,Welbeck,FWD,13,2,0.34,0.17,28.51,16.49,20.95,3.95,0.42,0.03,1.03,0.44,-0.03,0.17,87.33,63.83,152508.17,713130.83,False,16
178,Welbeck,FWD,14,1,0.54,0.0,32.17,15.54,23.67,4.88,0.46,0.03,1.07,0.45,-0.03,0.01,83.0,64.33,171522.67,892540.0,True,2
178,Welbeck,FWD,15,2,0.62,0.0,22.5,11.17,26.67,5.0,0.51,0.02,1.07,0.11,-0.02,0.18,72.0,64.83,170870.67,1070349.17,True,19
178,Welbeck,FWD,16,1,0.62,0.0,16.67,7.94,26.04,5.21,0.48,0.02,1.04,-0.07,-0.02,-0.42,72.0,65.33,146986.33,1229201.5,False,12
178,Welbeck,FWD,18,1,0.5,0.0,12.28,6.72,25.32,5.26,0.35,0.03,1.27,-0.1,-0.03,-0.51,59.83,65.5,22734.33,1246623.5,False,1
178,Welbeck,FWD,19,3,0.31,0.0,14.59,7.42,30.1,5.28,0.43,0.02,1.63,-0.12,-0.02,-0.7,48.33,65.33,-51798.33,1163008.67,False,19
178,Welbeck,FWD,20,1,0.32,0.32,7.66,10.47,28.09,5.43,0.72,0.03,1.68,-0.4,-0.03,-0.41,47.0,65.0,-72021.17,1063411.17,True,3
178,Welbeck,FWD,24,2,0.0,0.62,6.47,11.28,20.65,4.01,0.68,0.03,1.87,-0.37,-0.03,-0.64,48.67,62.83,-64936.17,570246.67,True,9
178,Welbeck,FWD,25,1,0.26,0.52,5.98,12.33,29.65,4.16,0.72,0.04,1.49,-0.46,-0.04,-0.45,57.67,62.5,-17887.0,560998.5,True,8
178,Welbeck,FWD,26,2,0.32,0.32,7.0,10.53,28.3,4.77,0.37,0.03,1.32,-0.37,-0.03,-0.68,47.17,62.33,-14896.83,548590.83,False,2
178,Welbeck,FWD,27,9,0.52,0.26,7.59,11.85,26.16,4.71,0.32,0.03,1.21,-0.32,-0.03,-0.69,57.33,62.17,-27670.5,520591.83,False,5
178,Welbeck,FWD,28,9,0.64,0.21,12.61,12.38,28.86,4.06,0.34,0.03,1.12,-0.12,-0.03,-0.69,70.17,61.83,-17132.5,505524.17,True,16
178,Welbeck,FWD,29,1,0.62,0.0,20.28,13.08,31.03,4.76,0.4,0.07,1.0,0.01,-0.07,-0.59,72.5,61.67,-8501.67,498817.17,True,1
178,Welbeck,FWD,30,2,0.73,0.0,23.17,14.34,31.22,4.88,0.33,0.09,0.98,0.16,-0.09,-0.73,61.5,61.5,-8110.33,491747.67,False,17
178,Welbeck,FWD,31,12,0.69,0.0,22.85,14.22,23.08,5.08,0.21,0.09,1.02,0.25,-0.09,-0.79,65.0,61.33,-5231.67,487422.17,True,12
178,Welbeck,FWD,32,2,0.6,0.2,31.59,17.23,34.77,4.57,0.39,0.11,1.0,0.4,-0.11,-0.6,75.5,61.17,-183.83,488620.17,False,3
178,Welbeck,FWD,33,2,0.6,0.2,31.81,17.23,50.94,5.03,0.6,0.11,1.08,0.21,-0.11,-0.68,74.5,61.17,86630.17,579081.67,False,18
178,Welbeck,FWD,33,6,0.42,0.21,27.35,15.39,49.07,5.64,0.59,0.11,0.99,0.04,-0.11,-0.36,71.83,61.5,119737.17,720528.33,True,7
178,Welbeck,FWD,35,5,0.52,0.26,30.78,13.76,57.67,5.17,0.7,0.07,0.99,0.08,-0.07,-0.47,58.0,61.83,146654.67,858025.5,False,15
178,Welbeck,FWD,36,2,0.44,0.22,30.52,14.68,51.08,5.75,0.62,0.07,1.27,0.05,0.15,-0.39,67.83,62.17,147182.83,945754.5,True,20
178,Welbeck,FWD,37,2,0.46,0.23,31.91,12.7,65.2,5.05,0.68,0.05,1.22,0.01,0.18,-0.3,65.33,62.67,184754.33,1073633.17,False,11
178,Welbeck,FWD,38,1,0.72,0.0,19.73,8.3,53.66,5.53,0.5,0.03,1.09,-0.26,0.21,-0.37,62.33,63.17,172970.5,1185971.33,True,14
215,Flemming,FWD,12,2,0.28,0.56,28.7,5.91,28.7,5.57,0.29,0.02,2.18,0.55,-0.02,-0.78,53.83,53.17,2973.5,18448.5,True,7
215,Flemming,FWD,13,6,0.23,0.46,23.08,7.89,23.77,4.85,0.24,0.02,1.98,0.45,-0.02,-0.59,65.0,53.0,4523.5,23666.5,False,5
215,Flemming,FWD,14,1,0.19,0.38,22.69,6.75,25.17,4.39,0.36,0.02,2.17,0.4,-0.02,-0.45,78.67,53.0,4753.33,29183.33,True,8
215,Flemming,FWD,15,5,0.0,0.4,23.59,7.04,29.54,3.96,0.38,0.02,2.1,0.41,-0.02,-0.11,75.67,53.0,5775.5,35875.0,False,15
215,Flemming,FWD,16,1,0.0,0.49,15.9,5.99,26.9,3.91,0.55,0.02,1.98,0.18,-0.02,-0.02,61.33,53.0,5452.5,42128.83,True,10
215,Flemming,FWD,17,1,0.0,0.28,19.07,6.53,33.36,4.21,0.64,0.02,1.67,0.2,-0.02,0.01,53.5,53.0,9953.67,53316.17,False,4
215,Flemming,FWD,18,1,0.29,0.29,13.14,7.83,29.14,3.14,0.6,0.03,1.62,-0.03,-0.03,-0.19,52.5,53.0,8399.0,62260.5,True,9
215,Flemming,FWD,28,6,0.28,0.28,12.34,6.87,29.16,5.61,0.26,0.02,1.74,0.02,-0.02,-0.06,53.5,53.0,-1629.17,50364.0,True,5
215,Flemming,FWD,30,2,0.0,0.0,19.71,5.47,32.42,6.22,0.32,0.01,1.87,0.2,-0.01,0.46,57.83,53.0,-403.5,42652.83,True,4
215,Flemming,FWD,31,7,0.21,0.0,15.83,9.04,31.67,6.25,0.44,0.02,1.84,-0.02,-0.02,0.03,72.0,53.0,-219.0,36529.83,False,10
215,Flemming,FWD,32,2,0.18,0.0,19.82,12.22,34.18,6.18,0.52,0.03,2.04,0.03,-0.03,-0.04,82.5,53.0,586.67,38483.17,True,6
215,Flemming,FWD,33,7,0.17,0.0,19.42,11.39,27.92,5.72,0.45,0.02,2.11,0.07,-0.02,-0.2,86.5,53.0,1311.83,41280.0,False,16
215,Flemming,FWD,33,2,0.17,0.0,23.77,11.12,29.89,5.77,0.44,0.02,1.99,0.23,-0.02,0.05,88.33,53.0,1256.83,44597.5,True,13
215,Flemming,FWD,35,2,0.17,0.0,18.83,9.81,28.5,5.7,0.48,0.02,2.09,0.04,-0.02,-0.02,86.83,53.0,1040.33,47915.17,False,11
215,Flemming,FWD,36,5,0.18,0.0,14.58,11.35,25.26,5.34,0.44,0.03,2.07,-0.08,-0.03,0.07,84.33,53.0,-477.5,48368.83,True,2
215,Flemming,FWD,37,1,0.0,0.18,18.07,7.55,27.29,5.24,0.46,0.01,2.04,0.08,-0.01,0.49,83.0,53.0,161.17,48260.5,False,1
215,Flemming,FWD,38,9,0.0,0.36,13.55,5.13,20.6,5.06,0.33,0.02,1.7,0.04,-0.02,0.47,83.0,53.0,53.83,48053.17,True,20
217,Foster,FWD,4,2,0.36,0.36,14.52,10.74,14.15,5.08,0.26,0.02,2.32,0.1,-0.02,-0.14,82.67,50.0,3797.33,52208.33,True,12
217,Foster,FWD,5,6,0.54,0.27,13.78,8.35,11.08,6.22,0.2,0.01,2.12,0.07,-0.01,-0.49,83.25,50.0,10743.25,65766.0,True,16
217,Foster,FWD,6,2,0.43,0.22,16.79,11.54,10.77,6.03,0.16,0.02,1.91,0.05,0.2,-0.4,83.6,50.0,21122.0,88231.0,False,13
217,Foster,FWD,7,1,0.36,0.18,15.21,11.81,11.41,5.61,0.17,0.02,1.83,0.01,0.16,-0.02,82.83,50.0,27522.33,113810.0,False,2
217,Foster,FWD,9,7,0.37,0.37,13.9,8.01,10.43,5.12,0.13,0.02,1.67,0.05,0.17,-0.03,82.0,50.0,32401.67,154208.83,False,20
217,Foster,FWD,12,1,0.21,0.43,21.64,10.76,15.0,4.93,0.23,0.02,1.87,0.2,0.2,0.06,70.0,50.0,21837.33,181315.67,True,7
217,Foster,FWD,13,2,0.26,0.26,19.66,13.06,12.16,4.66,0.15,0.03,1.55,0.11,0.23,0.26,58.0,50.0,18953.5,202241.33,False,5
217,Foster,FWD,14,2,0.27,0.27,19.76,13.25,13.62,4.27,0.15,0.03,1.62,0.11,0.24,0.25,56.17,50.0,11374.0,213624.0,True,8
217,Foster,FWD,15,1,0.26,0.26,12.37,7.68,17.63,3.95,0.21,0.03,1.48,0.05,-0.03,0.36,57.0,50.0,-430.83,212304.0,False,15
217,Foster,FWD,16,2,0.29,0.29,12.56,8.24,17.24,3.51,0.19,0.04,1.69,0.11,-0.04,0.07,51.33,50.0,-11592.83,199257.17,True,10
217,Foster,FWD,21,0,0.3,0.0,14.95,12.11,17.94,5.38,0.2,0.04,2.0,0.1,-0.04,0.09,50.17,50.0,-18446.83,179140.67,True,14
217,Foster,FWD,22,1,0.3,0.3,5.66,9.18,12.81,5.96,0.09,0.04,2.09,-0.09,-0.04,-0.0,50.33,49.83,-10504.33,158487.17,False,12
217,Foster,FWD,23,5,0.3,0.3,5.7,8.16,12.3,6.0,0.09,0.03,2.09,-0.09,-0.03,-0.29,50.0,49.67,-7641.0,143387.5,True,18
217,Foster,FWD,31,5,0.3,0.3,6.26,6.62,16.39,4.77,0.24,0.01,1.19,-0.24,-0.01,0.3,50.33,49.0,292.5,102796.17,False,10
217,Foster,FWD,33,1,0.28,0.28,8.8,10.31,15.62,5.68,0.23,0.03,1.46,-0.23,0.26,-0.04,52.83,49.0,-393.83,102445.33,False,16
217,Foster,FWD,33,1,0.28,0.28,8.72,10.35,25.03,6.47,0.25,0.03,1.53,-0.25,0.25,0.72,53.33,49.0,-882.83,101727.33,True,13
217,Foster,FWD,36,1,0.28,0.28,8.69,10.35,26.07,6.73,0.27,0.03,1.81,-0.27,0.25,0.44,53.5,49.0,-949.0,101116.83,True,2
249,João Pedro,FWD,4,7,0.71,0.0,38.21,17.86,38.93,5.71,0.48,0.05,0.84,0.23,0.66,-0.48,84.0,75.33,218267.67,5962308.0,False,5
249,João Pedro,FWD,5,2,0.55,0.0,36.0,18.6,32.73,5.18,0.41,0.05,0.83,0.14,0.77,-0.29,82.5,75.75,326518.0,6395043.25,False,14
249,João Pedro,FWD,6,2,0.43,0.0,29.79,17.83,27.43,4.71,0.32,0.04,1.05,0.11,0.6,-0.19,84.0,76.2,306740.0,6714789.0,True,6
249,João Pedro,FWD,7,2,0.35,0.0,25.59,20.06,22.59,4.94,0.26,0.04,1.27,0.09,0.49,-0.03,85.0,76.5,272002.67,6954846.83,True,12
249,João Pedro,FWD,8,2,0.18,0.0,25.71,19.46,20.43,4.93,0.22,0.04,1.43,0.13,0.49,-0.02,85.17,76.83,167332.5,7305796.5,False,16
249,João Pedro,FWD,9,2,0.35,0.0,17.44,18.74,14.09,4.58,0.15,0.05,1.72,0.02,0.12,-0.48,85.17,77.0,179912.33,7619278.0,True,17
249,João Pedro,FWD,10,9,0.18,0.0,10.34,18.96,6.24,3.56,0.04,0.06,1.77,-0.04,0.12,-0.34,84.17,76.83,-44151.33,7634825.67,False,18
249,João Pedro,FWD,11,7,0.35,0.0,13.4,19.38,20.37,4.53,0.34,0.07,1.62,-0.16,-0.07,-0.4,86.17,76.33,-401154.33,7266741.33,True,20
249,João Pedro,FWD,12,1,0.53,0.0,19.27,22.63,27.23,5.13,0.41,0.09,1.32,-0.06,-0.09,-0.44,84.83,75.67,-376110.67,6932804.83,False,3
249,João Pedro,FWD,13,1,0.73,0.18,19.13,22.04,30.06,5.83,0.46,0.11,1.02,-0.1,-0.11,-0.65,82.33,75.17,-372190.83,6593148.33,True,1
249,João Pedro,FWD,14,2,0.76,0.19,19.52,22.79,37.52,6.06,0.5,0.12,0.82,-0.13,-0.12,-0.63,79.17,74.83,-372159.33,6221387.67,False,11
249,João Pedro,FWD,15,1,0.57,0.19,18.76,24.84,39.41,6.44,0.51,0.14,0.9,-0.13,-0.14,-0.14,79.17,74.5,-377137.5,5860121.0,False,4
249,João Pedro,FWD,16,2,0.64,0.21,21.49,25.28,42.98,7.66,0.57,0.16,0.76,-0.15,-0.16,-0.13,70.5,74.33,-390573.83,5480120.0,True,9
249,João Pedro,FWD,17,6,0.65,0.22,13.08,24.62,26.37,6.32,0.19,0.14,0.94,0.02,-0.14,-0.29,68.83,74.17,-249394.0,5252744.0,False,15
249,João Pedro,FWD,18,8,0.43,0.43,11.54,22.43,20.95,5.56,0.22,0.12,1.41,-0.0,-0.12,-0.34,70.17,73.83,-372069.5,4883350.17,True,2
249,João Pedro,FWD,19,1,0.22,0.22,18.91,18.3,32.61,4.57,0.49,0.1,1.52,-0.06,-0.1,-0.21,69.0,73.33,-418023.0,4467277.5,True,4
249,João Pedro,FWD,20,2,0.23,0.23,20.7,20.07,29.77,5.35,0.51,0.1,1.62,-0.05,-0.1,-0.22,64.5,72.83,-313413.0,4200970.67,False,13
249,João Pedro,FWD,21,1,0.25,0.25,22.63,13.63,28.16,6.03,0.54,0.04,1.27,-0.03,-0.04,-0.27,59.67,72.5,-298530.0,3911158.67,False,10
249,João Pedro,FWD,22,8,0.26,0.26,22.7,14.38,29.56,4.75,0.56,0.04,1.48,-0.03,-0.04,-0.16,56.83,72.17,-222564.33,3701708.0,True,5
249,João Pedro,FWD,23,12,0.27,0.27,31.8,10.51,33.41,5.39,0.6,0.04,1.64,0.21,-0.04,-0.29,55.67,71.83,-138444.17,3572304.17,False,8
249,João Pedro,FWD,24,10,0.55,0.0,36.22,7.9,35.4,5.76,0.64,0.04,1.26,0.18,0.24,-0.43,54.67,71.67,-55706.0,3525442.83,True,19
249,João Pedro,FWD,25,8,0.59,0.3,39.84,11.92,30.98,5.9,0.41,0.07,1.31,0.48,0.52,-0.72,50.83,71.83,156141.33,3697563.67,False,20
249,João Pedro,FWD,26,10,0.51,0.26,40.65,10.23,27.1,5.88,0.35,0.05,1.27,0.42,0.97,-0.51,58.67,72.33,291189.5,3996018.83,True,11
249,João Pedro,FWD,27,7,0.47,0.24,42.52,12.33,38.5,4.25,0.56,0.07,1.3,0.38,1.11,-0.36,63.5,73.0,362525.67,4369550.33,True,3
249,João Pedro,FWD,28,2,0.61,0.2,41.87,13.53,42.47,4.45,0.73,0.07,1.08,0.28,0.94,-0.47,74.17,73.83,444715.83,4823905.5,False,1
249,João Pedro,FWD,29,19,0.39,0.19,33.51,13.15,36.23,4.09,0.79,0.07,1.01,-0.01,0.91,-0.04,77.0,74.83,427297.0,5253762.17,False,2
249,João Pedro,FWD,30,2,0.19,0.39,42.27,12.64,52.4,3.9,1.17,0.07,0.95,0.0,0.91,0.22,77.0,75.67,390580.83,5649295.83,True,15
249,João Pedro,FWD,31,2,0.18,0.18,33.2,10.97,43.85,4.26,1.02,0.04,1.01,-0.13,0.67,0.23,84.5,76.33,289438.33,5941414.0,False,9
249,João Pedro,FWD,32,2,0.18,0.18,29.47,13.16,44.65,3.35,1.02,0.07,1.03,-0.13,0.29,0.56,85.0,76.83,191950.5,6175259.33,True,13
249,João Pedro,FWD,35,8,0.18,0.18,26.41,10.33,37.19,3.41,0.88,0.04,1.15,-0.16,0.14,0.65,83.5,77.17,118905.5,6294957.67,True,16
249,João Pedro,FWD,36,2,0.0,0.18,25.66,10.14,37.27,3.16,0.73,0.04,1.42,-0.03,0.14,0.87,85.33,76.83,-8895.67,6152701.0,False,12
249,João Pedro,FWD,38,1,0.0,0.18,27.42,10.07,40.43,2.99,0.66,0.04,1.31,0.04,0.13,0.79,85.33,76.5,-24309.0,6000050.17,False,17
250,Delap,FWD,15,1,0.6,0.0,9.36,2.93,27.18,2.42,0.19,0.02,0.89,-0.19,-0.02,0.32,49.67,62.83,-18810.5,203917.17,False,4
250,Delap,FWD,19,2,0.65,0.33,8.15,2.61,25.76,1.96,0.19,0.02,1.06,-0.19,-0.02,0.24,46.0,62.0,1931.33,124937.17,True,4
250,Delap,FWD,20,0,0.3,0.3,5.72,2.74,25.59,2.41,0.27,0.02,1.85,-0.27,-0.02,-0.04,49.83,62.0,443.5,123244.67,False,13
250,Delap,FWD,22,4,0.0,0.57,11.96,9.97,41.87,2.56,0.58,0.03,1.75,-0.3,-0.03,0.24,52.67,62.0,203.33,118509.0,True,5
250,Delap,FWD,23,1,0.0,0.66,16.54,11.71,38.38,2.98,0.59,0.03,1.64,-0.26,0.3,0.01,45.33,62.0,508.83,116503.5,False,8
250,Delap,FWD,25,1,0.0,0.29,16.86,11.03,40.0,3.71,0.73,0.03,1.85,-0.44,0.55,0.15,52.5,62.0,1457.67,117111.83,False,20
250,Delap,FWD,37,1,0.0,0.33,4.3,5.23,18.53,4.3,0.26,0.01,1.29,-0.26,-0.01,0.04,45.33,62.0,-399.67,118746.33,True,18
250,Delap,FWD,38,1,0.0,0.57,2.57,4.97,10.29,2.57,0.16,0.01,1.53,-0.16,-0.01,-0.1,52.5,62.0,-327.83,118699.17,False,17
283,Mateta,FWD,4,2,0.69,0.69,12.41,1.72,20.69,5.17,0.43,0.11,1.17,-0.08,-0.11,-0.82,87.0,75.0,-39422.0,905392.33,True,17
283,Mateta,FWD,5,6,0.77,0.51,10.26,1.62,28.21,6.15,0.47,0.09,0.96,-0.21,-0.09,-0.71,87.75,75.0,93110.5,1057893.75,False,19
283,Mateta,FWD,6,2,0.61,0.41,13.88,1.96,30.61,6.33,0.54,0.07,0.9,-0.14,-0.07,-0.49,88.2,75.2,74042.0,1138316.2,True,12
283,Mateta,FWD,7,2,0.51,0.34,11.86,4.31,32.03,5.76,0.61,0.07,1.11,-0.27,-0.07,-0.6,88.5,75.33,15199.0,1140593.67,False,9
283,Mateta,FWD,8,17,0.53,0.18,11.65,4.62,33.88,4.76,0.69,0.08,0.95,-0.33,-0.08,-0.42,85.0,75.33,19258.67,1194729.33,True,4
283,Mateta,FWD,9,2,0.53,0.18,21.93,6.12,55.61,5.26,1.3,0.08,1.18,-0.42,-0.08,-0.31,85.5,75.33,22738.67,1238627.5,False,1
283,Mateta,FWD,10,9,0.35,0.0,18.9,5.81,52.2,4.86,1.17,0.03,1.16,-0.48,-0.03,-0.12,86.5,75.5,98151.33,1357517.67,True,5
283,Mateta,FWD,11,2,0.35,0.0,24.67,5.91,50.91,4.17,1.09,0.03,1.2,-0.22,-0.03,-0.15,86.33,76.0,185377.83,1549605.0,True,6
283,Mateta,FWD,12,1,0.52,0.0,21.37,10.06,45.69,3.82,0.96,0.05,1.15,-0.26,-0.05,-0.28,86.33,76.67,324037.17,1891631.5,False,20
283,Mateta,FWD,13,6,0.55,0.0,22.36,8.11,41.95,3.7,0.91,0.04,0.98,-0.18,-0.04,-0.24,81.17,77.5,431210.33,2351173.0,True,14
283,Mateta,FWD,14,2,0.35,0.0,23.92,7.9,40.39,4.07,0.95,0.04,1.08,-0.07,-0.04,-0.01,84.67,78.5,415845.83,2742795.67,False,3
283,Mateta,FWD,15,2,0.56,0.0,13.85,7.26,23.58,4.12,0.36,0.04,0.82,0.02,-0.04,-0.26,80.17,79.5,436656.0,3197566.5,False,10
283,Mateta,FWD,16,2,0.59,0.0,14.21,9.34,28.82,4.93,0.38,0.05,0.77,0.02,-0.05,-0.18,76.0,80.33,328452.67,3527376.83,True,13
283,Mateta,FWD,17,2,0.42,0.0,7.97,9.61,27.48,4.62,0.42,0.07,0.77,-0.21,-0.07,0.07,71.5,80.5,-86759.0,3428585.67,False,11
283,Mateta,FWD,18,2,0.22,0.0,9.11,6.27,27.76,5.42,0.43,0.05,1.26,-0.22,-0.05,0.25,69.17,80.17,-262131.5,3170414.17,True,18
283,Mateta,FWD,19,9,0.2,0.0,8.48,6.54,27.85,5.65,0.39,0.08,1.17,-0.19,-0.08,0.44,74.33,79.5,-375222.67,2787443.33,True,10
283,Mateta,FWD,20,2,0.2,0.0,10.9,6.24,28.86,6.05,0.29,0.08,1.32,-0.09,-0.08,0.09,74.33,78.83,-384313.17,2447281.67,False,15
283,Mateta,FWD,21,2,0.0,0.0,9.98,5.45,21.88,6.14,0.26,0.07,1.46,-0.07,-0.07,0.26,78.17,78.0,-410795.17,2040002.67,True,2
283,Mateta,FWD,22,2,0.18,0.0,9.47,3.24,16.94,6.01,0.22,0.06,1.6,-0.04,-0.06,-0.14,82.33,77.17,-370937.0,1687159.83,False,17
283,Mateta,FWD,23,2,0.17,0.0,10.52,5.72,18.79,6.55,0.23,0.07,1.76,-0.05,-0.07,-0.2,87.0,76.67,-140867.83,1568181.33,True,7
283,Mateta,FWD,30,1,0.17,0.0,8.15,3.96,20.89,5.43,0.29,0.07,1.67,-0.12,-0.07,-0.14,88.33,76.17,-115941.0,1456086.5,True,11
283,Mateta,FWD,32,12,0.19,0.0,9.19,3.83,22.21,5.55,0.29,0.04,1.73,-0.1,-0.04,-0.19,78.33,75.83,-65305.5,1328878.5,True,15
283,Mateta,FWD,33,1,0.22,0.0,16.0,6.51,25.56,6.0,0.46,0.05,1.58,-0.02,-0.05,-0.03,67.5,75.5,-44816.33,1216580.67,True,19
283,Mateta,FWD,34,2,0.26,0.0,17.74,7.82,28.8,5.91,0.5,0.05,1.48,0.01,-0.05,-0.19,58.33,75.33,-23381.67,1123023.33,False,12
283,Mateta,FWD,35,1,0.0,0.0,18.6,8.4,38.84,5.47,0.62,0.06,1.4,-0.07,-0.06,0.51,54.83,75.33,-7446.17,1047514.5,False,4
284,Nketiah,FWD,18,1,0.0,0.33,19.31,11.98,35.67,8.51,0.3,0.01,1.93,0.02,-0.01,0.68,45.83,54.0,5471.17,54602.0,True,18
310,Barry,FWD,13,2,0.6,0.3,0.0,9.36,9.36,3.93,0.26,0.01,1.23,-0.26,-0.01,-0.32,49.67,57.17,-1529.0,41168.0,True,15
310,Barry,FWD,14,2,0.53,0.27,1.33,8.89,14.6,2.92,0.31,0.01,1.42,-0.31,-0.01,0.18,56.5,57.0,-775.5,40831.33,False,4
310,Barry,FWD,15,5,0.67,0.22,0.22,12.35,22.56,2.23,0.43,0.02,1.05,-0.43,-0.02,0.29,67.17,57.0,-335.17,40816.17,True,16
310,Barry,FWD,16,2,0.82,0.41,4.7,11.41,24.55,2.45,0.46,0.02,0.91,-0.25,-0.02,0.11,73.33,57.0,273.0,41446.17,False,7
310,Barry,FWD,17,2,0.8,0.2,7.18,10.28,21.55,2.0,0.35,0.02,1.13,-0.15,-0.02,0.07,75.17,57.0,1337.83,43114.67,True,1
310,Barry,FWD,18,1,0.62,0.21,8.42,10.52,20.75,2.26,0.29,0.02,1.48,-0.08,-0.02,-0.04,73.0,57.0,1172.33,44536.17,False,3
310,Barry,FWD,19,6,0.48,0.24,9.76,10.64,27.62,2.14,0.35,0.02,1.5,-0.11,-0.02,0.16,63.0,57.0,2346.0,47400.5,False,16
310,Barry,FWD,20,6,0.72,0.24,15.32,10.41,26.57,2.39,0.41,0.02,1.37,0.07,-0.02,-0.65,62.67,57.0,1556.5,49069.33,True,5
310,Barry,FWD,21,2,0.47,0.23,22.56,5.05,26.74,3.02,0.25,0.01,1.8,0.45,-0.01,-0.17,64.5,57.0,2576.33,51944.0,True,20
310,Barry,FWD,22,8,0.22,0.0,17.91,5.2,21.84,3.71,0.16,0.0,1.77,0.27,-0.0,-0.02,68.67,57.0,8274.67,60969.83,False,2
310,Barry,FWD,23,9,0.42,0.0,22.92,7.44,28.81,4.0,0.18,0.0,1.65,0.45,-0.0,-0.39,71.33,57.0,4771.33,65787.17,True,11
310,Barry,FWD,24,2,0.4,0.0,27.14,6.84,36.32,4.19,0.21,0.01,1.42,0.58,-0.01,-0.23,75.17,57.0,8711.33,75058.17,False,6
310,Barry,FWD,25,2,0.35,0.0,24.28,9.8,28.61,3.47,0.17,0.04,1.43,0.52,-0.04,-0.22,86.5,57.0,18375.0,94159.0,False,10
310,Barry,FWD,26,2,0.18,0.0,20.22,10.41,30.6,3.4,0.18,0.04,1.57,0.35,-0.04,-0.14,83.83,57.0,18338.17,113086.83,True,4
310,Barry,FWD,27,2,0.19,0.0,14.81,12.15,24.68,3.42,0.34,0.04,1.31,0.04,-0.04,-0.36,79.0,57.0,16675.83,130283.17,True,14
310,Barry,FWD,28,6,0.19,0.0,13.74,12.31,23.72,2.82,0.33,0.04,1.43,0.05,-0.04,-0.49,79.67,57.0,7447.17,137789.17,False,15
310,Barry,FWD,29,1,0.0,0.22,15.33,11.76,27.59,3.5,0.56,0.05,1.41,-0.12,-0.05,-0.1,68.5,57.0,8239.0,146821.67,True,3
310,Barry,FWD,30,1,0.0,0.27,11.18,13.53,21.55,3.55,0.64,0.05,1.63,-0.36,-0.05,-0.27,55.0,57.0,5682.67,153254.33,False,1
311,Beto,FWD,4,2,0.0,0.47,17.91,8.2,25.45,2.83,0.39,0.04,1.73,0.08,-0.04,-0.79,63.67,54.67,-94623.67,767036.67,True,2
311,Beto,FWD,5,1,0.34,0.34,11.55,6.15,28.19,2.38,0.61,0.03,1.43,-0.27,-0.03,-0.75,66.25,54.5,-76195.5,732372.25,False,12
311,Beto,FWD,6,2,0.29,0.29,10.16,5.34,26.42,2.32,0.58,0.03,1.42,-0.29,-0.03,-0.26,62.0,54.4,-66801.0,706897.0,True,19
311,Beto,FWD,7,1,0.24,0.24,9.29,4.76,26.67,2.62,0.52,0.02,1.38,-0.28,-0.02,-0.19,63.0,54.33,-61399.67,685586.83,True,8
311,Beto,FWD,8,2,0.27,0.27,8.11,8.16,38.92,2.97,0.66,0.02,1.28,-0.39,-0.02,-0.2,55.5,54.17,-70743.17,629772.67,False,13
311,Beto,FWD,9,2,0.24,0.0,7.56,7.56,35.67,3.54,0.69,0.02,1.21,-0.45,-0.02,0.21,63.5,53.83,-68721.5,570024.67,True,18
311,Beto,FWD,10,1,0.24,0.0,1.94,6.96,36.63,4.61,0.69,0.0,1.48,-0.69,-0.0,0.21,61.83,53.67,-38809.67,540882.67,False,17
311,Beto,FWD,11,1,0.0,0.0,3.82,7.64,33.27,6.27,0.51,0.01,1.7,-0.51,-0.01,0.2,55.0,53.33,-39771.83,504949.67,True,10
311,Beto,FWD,12,1,0.0,0.0,3.95,8.97,38.31,6.99,0.57,0.01,1.7,-0.57,-0.01,-0.18,49.33,53.0,-37776.17,470383.5,False,14
311,Beto,FWD,31,16,0.64,0.32,20.67,11.7,36.57,7.0,0.48,0.01,0.78,-0.16,-0.01,-0.15,47.17,50.0,1416.33,314754.5,True,7
311,Beto,FWD,32,7,0.79,0.26,34.11,15.27,44.08,6.03,0.55,0.02,0.84,0.23,0.24,-0.31,57.17,50.0,789.33,315424.17,False,5
311,Beto,FWD,33,9,0.7,0.0,36.65,16.14,43.84,5.57,0.6,0.02,0.99,0.33,0.22,-0.53,64.67,50.0,8774.33,325260.83,True,12
311,Beto,FWD,35,1,0.6,0.0,37.08,14.41,51.11,5.61,0.61,0.01,1.07,0.39,0.19,-0.47,74.83,50.0,10242.33,335586.83,True,13
311,Beto,FWD,36,8,0.62,0.21,29.52,16.24,47.36,4.31,0.46,0.01,1.09,0.36,0.19,-0.48,73.17,50.0,5284.33,347537.33,False,8
311,Beto,FWD,37,2,0.42,0.21,34.65,14.89,51.13,3.8,0.47,0.01,1.45,0.58,0.2,-0.61,71.0,50.0,3358.0,357458.67,True,17
311,Beto,FWD,38,1,0.21,0.21,33.49,14.5,45.21,3.77,0.49,0.01,1.41,0.56,0.19,-0.36,71.67,50.0,14623.83,379576.33,False,18
337,Raúl,FWD,11,1,0.32,0.0,26.32,13.81,38.34,6.17,0.27,0.09,1.38,0.06,0.56,-0.41,46.17,62.67,-10809.83,118353.33,False,9
337,Raúl,FWD,12,6,0.27,0.0,22.5,11.74,37.59,5.76,0.29,0.08,1.4,-0.01,0.47,-0.31,54.67,62.33,-5991.67,111790.83,True,17
337,Raúl,FWD,13,1,0.44,0.22,24.04,14.01,44.12,5.29,0.44,0.07,1.15,-0.0,0.38,-0.27,68.0,62.17,-3853.83,107219.33,False,18
337,Raúl,FWD,14,2,0.37,0.37,16.6,12.14,30.8,5.72,0.36,0.06,1.12,-0.18,0.31,-0.2,81.33,62.0,-1699.17,104617.67,True,13
337,Raúl,FWD,15,5,0.38,0.38,16.62,12.61,31.91,5.54,0.39,0.06,1.22,-0.2,0.32,0.5,78.5,62.0,783.17,106578.67,True,8
337,Raúl,FWD,16,2,0.38,0.38,15.86,15.88,21.21,5.54,0.28,0.06,1.12,-0.09,0.32,0.6,78.5,62.0,1437.5,109186.67,False,3
337,Raúl,FWD,17,5,0.19,0.38,12.05,11.3,19.77,5.08,0.28,0.02,1.44,-0.09,0.17,0.44,79.67,62.17,40000.83,154120.0,True,16
337,Raúl,FWD,18,9,0.36,0.53,13.72,11.16,21.39,4.99,0.45,0.02,1.32,-0.1,0.16,0.29,84.17,62.33,37747.83,192275.5,False,19
337,Raúl,FWD,19,2,0.36,0.36,15.33,11.71,24.59,5.17,0.44,0.02,1.45,-0.09,0.16,0.16,84.17,62.5,32390.33,223607.67,False,8
337,Raúl,FWD,20,5,0.36,0.18,14.44,15.43,29.41,4.28,0.51,0.03,1.58,-0.16,0.15,0.02,84.17,62.67,30319.17,252397.67,True,12
337,Raúl,FWD,21,5,0.35,0.17,15.7,16.87,29.83,4.36,0.5,0.02,1.34,-0.15,0.32,-0.47,86.0,62.67,24223.0,277280.0,True,7
337,Raúl,FWD,22,2,0.35,0.35,18.84,18.99,34.01,4.71,0.54,0.05,1.47,-0.02,0.12,-0.78,86.0,62.67,22528.5,300605.83,False,11
337,Raúl,FWD,23,2,0.51,0.34,19.03,16.92,35.31,4.97,0.55,0.05,1.3,-0.03,0.12,-0.78,87.5,62.5,-14042.83,283826.17,True,6
337,Raúl,FWD,24,6,0.34,0.17,17.12,21.75,36.78,5.25,0.4,0.05,1.45,-0.06,0.12,-0.77,88.5,62.33,-11587.0,274069.5,False,14
337,Raúl,FWD,25,5,0.17,0.17,13.9,17.83,30.85,5.42,0.43,0.05,1.6,-0.09,0.12,-0.41,88.5,62.17,-12886.17,263916.67,True,9
337,Raúl,FWD,26,1,0.35,0.17,16.25,17.23,31.46,6.29,0.48,0.04,1.65,-0.13,0.31,-0.6,85.83,62.0,-9810.5,258038.17,False,13
337,Raúl,FWD,27,11,0.37,0.18,14.69,16.09,35.27,6.24,0.57,0.04,1.8,-0.2,0.14,-0.33,81.67,62.0,-6561.5,252542.33,False,17
337,Raúl,FWD,28,2,0.58,0.19,18.62,13.29,39.96,6.01,0.74,0.03,1.54,-0.15,0.16,-0.19,77.33,61.83,-6168.0,247684.33,True,18
337,Raúl,FWD,29,1,0.4,0.2,20.04,16.24,41.29,6.21,0.83,0.03,1.52,-0.23,0.17,0.09,74.83,61.67,7039.67,256468.5,True,19
337,Raúl,FWD,30,2,0.43,0.22,21.32,10.66,35.53,6.03,0.83,0.04,1.49,-0.18,0.18,0.02,69.67,61.5,16885.67,275363.33,False,16
337,Raúl,FWD,31,5,0.69,0.23,19.67,11.2,27.99,5.78,0.63,0.04,1.27,-0.17,0.19,-0.34,64.83,61.5,20204.17,296868.0,True,3
337,Raúl,FWD,32,1,0.56,0.28,24.24,9.28,33.16,6.13,0.85,0.05,1.11,-0.01,-0.05,0.0,53.83,61.5,27301.5,337441.83,False,12
337,Raúl,FWD,33,1,0.66,0.33,28.25,14.58,34.16,6.24,0.87,0.06,0.9,0.12,-0.06,-0.57,45.67,61.5,17573.83,356241.83,False,5
338,Muniz,FWD,4,2,0.0,0.59,12.43,12.2,36.12,4.14,0.33,0.0,2.45,0.26,0.0,-0.68,50.67,55.0,4094.67,236403.67,True,11
338,Muniz,FWD,5,5,0.38,0.38,9.57,8.0,31.4,4.21,0.28,0.0,1.89,0.1,-0.0,-0.74,58.75,55.0,6396.25,248502.75,True,5
338,Muniz,FWD,10,1,0.29,0.29,10.89,11.95,29.52,4.87,0.25,0.0,1.56,0.04,0.28,-0.42,62.8,55.0,6319.0,257420.8,True,20
338,Muniz,FWD,11,1,0.27,0.27,11.39,11.3,28.46,5.15,0.24,0.0,1.5,0.03,0.27,-0.41,55.33,54.83,2925.17,235679.83,False,9
338,Muniz,FWD,25,1,0.28,0.0,6.11,11.67,24.72,5.28,0.22,0.0,1.45,-0.22,0.28,-0.34,54.0,54.67,2719.5,226010.0,True,9
338,Muniz,FWD,34,1,0.3,0.0,7.48,10.91,23.92,5.68,0.32,0.03,1.26,-0.32,-0.03,-0.06,50.17,53.0,287.0,92703.5,True,2
338,Muniz,FWD,35,1,0.29,0.0,6.72,10.46,20.45,5.84,0.31,0.03,1.27,-0.31,-0.03,-0.11,51.33,53.0,631.67,93867.0,False,1
338,Muniz,FWD,36,1,0.31,0.0,7.93,10.86,18.61,6.41,0.31,0.03,1.38,-0.31,-0.03,-0.47,49.17,53.0,392.5,94331.0,True,4
338,Muniz,FWD,37,2,0.25,0.25,4.29,8.6,17.65,5.04,0.42,0.02,1.2,-0.42,-0.02,-0.19,59.5,53.0,328.67,94723.67,False,20
338,Muniz,FWD,38,2,0.26,0.26,5.0,6.63,17.11,3.68,0.33,0.02,1.14,-0.33,-0.02,-0.09,57.0,53.0,428.67,95176.83,True,15
362,Piroe,FWD,8,1,0.62,0.0,6.83,6.64,39.1,3.72,0.2,0.03,1.34,-0.2,-0.03,1.14,48.33,54.0,-8895.67,153490.33,False,3
365,Nmecha,FWD,14,2,0.0,0.0,28.37,5.28,52.5,2.61,0.98,0.09,1.97,-0.0,-0.09,0.64,46.0,50.0,-1915.5,83807.33,True,7
365,Nmecha,FWD,18,1,0.0,0.0,25.75,5.15,43.02,3.4,0.77,0.07,1.9,0.08,-0.07,0.37,53.0,50.0,565.0,85723.67,False,17
365,Nmecha,FWD,19,2,0.0,0.0,24.4,4.93,41.2,3.52,0.73,0.07,1.83,0.08,-0.07,0.07,55.33,50.0,348.67,82409.0,False,12
365,Nmecha,FWD,20,1,0.24,0.0,22.98,4.95,32.31,3.11,0.62,0.06,1.94,0.1,-0.06,-0.51,62.67,50.0,1170.5,80101.33,True,14
365,Nmecha,FWD,21,1,0.28,0.0,20.09,8.75,33.4,3.11,0.64,0.08,1.82,-0.07,-0.08,-0.69,53.0,50.0,2178.0,78672.67,False,15
430,Haaland,FWD,4,13,0.36,0.0,30.0,5.68,65.0,2.5,1.38,0.11,1.34,-0.31,-0.11,0.09,84.0,140.33,191889.67,3102769.0,True,14
430,Haaland,FWD,5,9,0.53,0.0,39.14,7.67,67.1,3.99,1.51,0.08,1.38,-0.18,-0.08,-0.31,84.5,140.5,196333.75,3309933.0,False,1
430,Haaland,FWD,6,16,0.65,0.0,39.01,6.73,62.32,4.36,1.35,0.07,1.3,-0.04,-0.07,-0.42,82.6,140.8,238160.6,3531750.2,True,3
430,Haaland,FWD,7,8,0.54,0.0,44.19,9.25,65.13,4.29,1.32,0.1,1.14,0.12,0.08,-0.24,83.83,141.17,434312.17,3941696.5,False,5
430,Haaland,FWD,8,13,0.52,0.0,40.42,9.47,54.59,4.15,0.98,0.1,1.18,0.23,0.07,-0.32,86.83,141.83,606306.33,4737783.67,True,9
430,Haaland,FWD,9,2,0.69,0.0,50.1,7.17,66.68,4.15,1.06,0.05,1.13,0.49,0.12,-0.61,86.83,142.83,658139.0,5496109.0,False,2
430,Haaland,FWD,10,13,0.69,0.0,46.64,7.55,59.25,4.49,0.86,0.05,0.87,0.52,0.12,-0.53,86.83,143.83,706668.67,6259512.0,True,4
430,Haaland,FWD,11,4,0.52,0.0,46.92,6.03,61.92,3.31,0.79,0.05,0.76,0.61,0.12,-0.23,86.0,145.0,705527.83,7031885.33,True,12
430,Haaland,FWD,12,2,0.51,0.0,44.92,5.78,61.53,2.71,0.82,0.06,0.73,0.53,0.11,-0.22,88.5,146.0,658044.33,7748580.5,False,15
430,Haaland,FWD,13,2,0.51,0.0,33.73,2.47,57.12,2.54,0.88,0.02,1.04,0.13,-0.02,-0.36,88.5,147.0,441398.17,8230520.83,True,11
430,Haaland,FWD,14,14,0.34,0.0,29.15,3.69,58.47,3.05,0.86,0.02,1.16,-0.01,-0.02,-0.14,88.5,147.83,290951.83,8565248.83,False,10
430,Haaland,FWD,15,2,0.17,0.0,27.46,8.0,51.53,2.71,0.85,0.07,1.17,-0.17,0.27,0.52,88.5,148.33,172029.0,8769608.83,True,17
430,Haaland,FWD,16,13,0.35,0.0,27.94,8.03,45.97,2.83,0.92,0.07,1.2,-0.21,0.28,0.39,84.83,148.83,108335.67,8911260.5,False,8
430,Haaland,FWD,17,16,0.52,0.0,25.89,7.31,37.18,4.0,0.84,0.07,1.38,-0.14,0.28,0.01,86.33,149.17,80445.33,9020064.67,True,19
430,Haaland,FWD,18,2,0.52,0.0,32.49,8.91,41.7,3.65,0.87,0.07,1.43,0.0,0.45,-0.04,86.33,149.5,74558.0,9126816.5,False,16
430,Haaland,FWD,19,2,0.52,0.0,33.01,10.53,35.27,3.65,0.63,0.09,1.13,0.24,0.43,0.08,86.33,149.83,65340.5,9219526.67,False,17
430,Haaland,FWD,20,2,0.69,0.0,31.97,10.65,34.92,3.47,0.67,0.09,1.01,0.2,0.43,-0.14,86.33,150.17,44094.0,9282276.83,True,7
430,Haaland,FWD,21,6,0.69,0.0,24.5,6.34,31.27,3.82,0.58,0.04,1.15,0.12,0.13,-0.8,86.33,150.5,43988.33,9349489.0,True,6
430,Haaland,FWD,22,2,0.5,0.0,25.67,7.95,39.33,3.67,0.74,0.04,1.18,0.09,0.13,-0.68,90.0,150.67,30621.5,9401137.83,False,14
430,Haaland,FWD,23,1,0.34,0.0,18.37,8.3,36.07,2.55,0.61,0.04,1.25,-0.1,0.13,-0.4,88.17,150.83,26189.5,9450585.83,True,20
430,Haaland,FWD,24,5,0.2,0.0,8.88,7.5,28.42,2.96,0.51,0.03,1.34,-0.31,-0.03,-0.35,76.0,151.0,5358.17,9472371.67,False,18
430,Haaland,FWD,25,11,0.2,0.0,11.25,13.5,28.82,2.76,0.53,0.03,1.44,-0.33,0.17,-0.25,76.0,150.83,-48057.33,9435830.0,False,12
430,Haaland,FWD,26,5,0.0,0.2,17.57,18.24,35.53,2.17,0.73,0.08,1.52,-0.34,0.31,-0.13,76.0,150.5,-94923.0,9349502.5,True,10
430,Haaland,FWD,27,6,0.0,0.22,23.87,19.82,36.79,1.75,0.75,0.09,1.44,-0.09,0.35,-0.12,68.5,150.17,-109870.5,9251150.5,True,15
430,Haaland,FWD,29,2,0.0,0.22,24.74,21.15,30.44,1.97,0.48,0.13,1.32,-0.04,0.53,-0.01,68.5,149.67,-146046.67,9115303.5,True,16
430,Haaland,FWD,30,2,0.0,0.21,22.61,20.64,31.14,2.35,0.46,0.13,1.04,-0.03,0.51,0.24,70.33,149.0,-260703.0,8865910.67,False,19
430,Haaland,FWD,32,2,0.0,0.18,20.0,20.07,33.45,2.36,0.45,0.12,0.91,-0.08,0.42,0.36,82.5,148.17,-298048.5,8585493.33,False,7
430,Haaland,FWD,33,6,0.18,0.18,17.82,13.07,37.09,3.09,0.5,0.11,0.93,-0.14,0.25,-0.02,82.5,147.17,-198900.5,8299950.33,True,1
430,Haaland,FWD,33,7,0.18,0.18,16.0,9.2,33.09,3.64,0.4,0.06,1.0,-0.04,0.12,-0.09,82.5,146.5,-91923.5,8170043.33,False,3
430,Haaland,FWD,35,7,0.33,0.17,14.67,8.55,37.67,3.67,0.53,0.07,0.92,-0.2,0.1,-0.08,90.0,145.83,-15463.0,8050346.67,False,9
430,Haaland,FWD,36,11,0.33,0.17,16.33,5.75,36.5,3.0,0.56,0.03,1.28,-0.07,-0.03,-0.11,90.0,145.5,88686.5,7942035.67,True,5
430,Haaland,FWD,37,9,0.5,0.17,22.83,9.03,51.0,2.67,0.75,0.04,1.15,-0.09,0.12,-0.32,90.0,145.5,267539.5,8012516.83,False,4
466,Zirkzee,FWD,15,0,0.32,0.0,19.93,18.1,26.36,7.07,0.3,0.03,0.99,0.02,-0.03,0.3,46.67,58.33,3181.0,50854.0,False,20
466,Zirkzee,FWD,16,1,0.33,0.33,18.91,18.75,26.09,7.17,0.3,0.03,0.96,0.02,-0.03,0.35,46.0,58.17,5064.67,56983.83,True,4
466,Zirkzee,FWD,17,1,0.33,0.33,19.52,19.29,25.15,7.61,0.27,0.03,1.04,0.06,-0.03,-0.05,45.33,58.0,3618.5,60908.33,False,2
466,Zirkzee,FWD,18,1,0.32,0.32,19.22,19.09,25.62,7.05,0.26,0.04,0.93,0.06,-0.04,-0.29,46.83,58.0,3009.33,64498.5,True,15
499,Isak,FWD,8,2,0.0,0.0,7.54,9.75,12.57,4.53,0.31,0.01,1.3,-0.31,0.49,-0.29,59.67,105.33,97744.67,1351973.67,True,14
499,Isak,FWD,12,2,0.0,0.0,6.84,7.74,18.0,3.96,0.34,0.01,1.2,-0.34,0.35,-0.12,62.5,105.5,52818.25,1331720.5,True,16
499,Isak,FWD,13,7,0.0,0.0,5.96,9.26,15.9,3.41,0.32,0.01,1.2,-0.32,0.27,0.22,63.4,105.2,39160.2,1179444.4,False,19
499,Isak,FWD,14,2,0.23,0.0,13.36,7.76,25.55,3.75,0.44,0.02,1.03,-0.2,0.22,0.15,64.0,105.0,33451.5,1081247.17,True,17
499,Isak,FWD,15,1,0.2,0.0,11.7,7.12,23.41,3.43,0.39,0.01,0.92,-0.19,0.19,0.29,74.33,104.83,7617.83,983145.67,False,11
499,Isak,FWD,16,1,0.24,0.0,15.85,8.39,25.61,3.17,0.37,0.01,0.6,-0.13,0.23,0.86,61.5,104.67,-35552.67,835250.17,True,6
499,Isak,FWD,17,6,0.29,0.0,15.19,4.91,29.51,3.8,0.39,0.01,0.74,-0.1,-0.01,0.72,51.33,104.33,-19298.83,706320.0,False,18
500,Osula,FWD,36,2,0.0,0.0,36.39,15.08,40.28,3.89,0.6,0.12,2.03,0.51,-0.12,-0.36,54.0,54.0,7541.67,49862.67,False,16
500,Osula,FWD,37,13,0.23,0.0,23.6,15.06,37.25,3.01,0.62,0.1,1.76,0.07,-0.1,-0.37,64.83,54.0,13949.67,65277.83,True,19
500,Osula,FWD,38,2,0.2,0.0,31.76,12.96,38.24,2.16,0.7,0.11,1.45,0.28,-0.11,-0.27,76.5,54.0,17954.5,83652.83,False,10
525,Wood,FWD,4,1,0.38,0.0,24.68,6.53,34.94,1.14,0.6,0.03,1.21,0.16,-0.03,-0.45,79.0,76.0,463033.67,2255733.33,False,1
525,Wood,FWD,5,2,0.3,0.0,20.98,8.76,33.14,1.22,0.49,0.03,1.5,0.12,-0.03,-0.29,74.0,76.25,216001.0,2336396.75,False,3
525,Wood,FWD,6,2,0.24,0.0,18.49,11.26,32.35,1.95,0.49,0.03,1.37,-0.01,-0.03,-0.15,74.0,76.2,154143.2,2387521.8,True,17
525,Wood,FWD,7,2,0.2,0.0,14.9,9.47,34.71,2.16,0.55,0.02,1.28,-0.16,-0.02,-0.11,76.5,76.0,53238.83,2344043.83,False,15
525,Wood,FWD,8,1,0.2,0.0,4.46,9.18,25.34,2.23,0.38,0.02,1.23,-0.38,-0.02,-0.01,74.0,75.83,-34913.67,2400910.5,True,7
525,Wood,FWD,32,1,0.24,0.0,5.79,8.28,27.02,2.9,0.39,0.01,1.26,-0.39,-0.01,0.18,62.17,75.33,-202157.33,2235605.33,True,2
525,Wood,FWD,33,2,0.0,0.0,5.8,9.44,26.5,3.04,0.38,0.01,1.48,-0.38,-0.01,0.17,54.33,74.33,-337884.17,1780430.67,True,3
525,Wood,FWD,34,7,0.0,0.0,6.32,9.45,24.21,2.89,0.4,0.01,1.03,-0.4,-0.01,0.28,57.0,73.33,-250285.83,1449118.83,False,17
525,Wood,FWD,35,1,0.25,0.0,13.18,5.17,23.83,3.04,0.41,0.01,1.0,-0.16,-0.01,0.02,59.17,72.5,-233723.0,1117310.5,False,7
525,Wood,FWD,36,1,0.31,0.0,17.38,5.87,15.52,4.03,0.26,0.02,1.24,0.05,-0.02,0.0,48.33,71.83,-156766.67,864144.33,True,15
525,Wood,FWD,38,2,0.3,0.0,16.36,8.0,17.88,3.64,0.27,0.04,1.76,0.03,-0.04,-0.24,49.5,71.0,2686.67,601003.17,True,4
526,Igor Jesus,FWD,12,2,0.0,0.0,8.97,7.56,26.26,4.48,0.56,0.03,1.66,-0.56,0.29,0.9,46.83,58.0,3691.83,86060.83,False,12
526,Igor Jesus,FWD,13,2,0.27,0.0,8.57,5.79,23.3,4.55,0.43,0.02,1.73,-0.43,0.25,0.41,56.0,58.0,-2745.67,83996.33,True,6
526,Igor Jesus,FWD,14,9,0.23,0.0,8.67,8.41,31.88,3.75,0.42,0.02,1.32,-0.42,0.21,0.55,64.0,58.0,-8.67,85843.0,False,20
526,Igor Jesus,FWD,15,2,0.42,0.0,15.94,7.93,33.57,4.62,0.29,0.02,1.1,-0.08,0.19,-0.05,71.5,58.0,3598.33,90987.5,False,9
526,Igor Jesus,FWD,16,2,0.38,0.0,15.0,6.84,36.84,4.56,0.27,0.02,1.12,-0.08,0.17,0.02,79.0,58.0,7592.67,99927.17,True,18
526,Igor Jesus,FWD,17,2,0.56,0.0,14.22,9.02,35.93,5.61,0.26,0.07,1.05,-0.07,-0.07,-0.11,80.17,58.0,9074.83,110195.67,False,10
526,Igor Jesus,FWD,18,5,0.55,0.0,14.94,9.18,33.7,6.01,0.2,0.07,1.22,-0.02,-0.07,-0.31,82.33,58.0,9926.0,121054.67,True,13
526,Igor Jesus,FWD,19,2,0.36,0.0,16.05,11.0,31.38,5.05,0.21,0.13,1.16,-0.03,0.05,0.1,83.17,58.0,8267.67,129675.33,True,9
526,Igor Jesus,FWD,20,2,0.37,0.0,14.26,8.8,25.93,4.81,0.22,0.13,0.98,-0.03,0.06,0.32,81.0,58.0,9398.5,140410.0,False,2
526,Igor Jesus,FWD,21,2,0.19,0.0,6.97,8.81,20.15,3.95,0.18,0.12,1.12,-0.18,0.06,0.76,79.67,58.0,5520.33,146222.0,False,19
526,Igor Jesus,FWD,22,2,0.19,0.0,4.9,8.15,16.19,3.39,0.17,0.13,1.09,-0.17,0.06,0.42,79.67,58.0,2440.83,149554.67,True,1
526,Igor Jesus,FWD,23,9,0.19,0.0,3.65,5.41,14.39,2.49,0.13,0.06,1.41,-0.13,0.13,0.12,78.17,58.0,-2036.17,148158.5,False,5
526,Igor Jesus,FWD,24,2,0.39,0.0,9.87,4.84,17.61,3.1,0.11,0.06,1.46,0.08,0.13,-0.1,77.5,58.0,-6154.83,142541.33,True,8
526,Igor Jesus,FWD,25,1,0.41,0.0,7.3,3.02,18.04,3.24,0.12,0.01,1.61,0.08,-0.01,-0.39,74.0,58.0,4142.0,148870.5,False,11
526,Igor Jesus,FWD,26,1,0.41,0.0,8.67,3.45,20.02,3.1,0.1,0.01,2.0,0.11,-0.01,-0.35,72.67,58.0,2535.67,151367.67,True,20
526,Igor Jesus,FWD,27,2,0.48,0.0,12.06,3.38,29.92,3.38,0.19,0.01,2.01,0.05,-0.01,-0.8,62.17,58.0,5276.0,158201.17,True,12
526,Igor Jesus,FWD,28,5,0.75,0.0,13.29,2.33,29.33,3.76,0.2,0.01,1.98,0.05,-0.01,-0.98,59.83,58.0,1142.5,159674.17,False,6
526,Igor Jesus,FWD,29,5,0.49,0.0,17.21,7.89,30.49,4.67,0.23,0.02,1.8,0.02,0.23,-0.32,61.0,58.0,3409.0,163867.0,False,13
526,Igor Jesus,FWD,30,2,0.24,0.0,12.41,10.53,26.74,3.1,0.18,0.05,1.67,-0.18,0.42,0.24,62.83,58.0,3097.5,167568.67,True,10
526,Igor Jesus,FWD,31,8,0.49,0.0,13.62,13.23,24.81,3.89,0.16,0.05,1.47,-0.16,0.43,0.24,61.67,58.0,-2750.67,164911.83,False,18
526,Igor Jesus,FWD,32,2,0.7,0.0,20.47,12.12,30.47,4.65,0.17,0.05,1.07,0.07,0.41,-0.14,64.5,58.0,-3668.0,161655.83,True,2
526,Igor Jesus,FWD,33,7,0.59,0.0,18.16,12.71,21.71,4.54,0.13,0.06,1.07,0.06,0.33,-0.08,76.0,58.0,-3795.17,157879.67,True,3
526,Igor Jesus,FWD,34,14,0.42,0.0,26.05,14.48,26.47,5.08,0.19,0.06,1.07,0.24,0.36,-0.01,70.83,58.0,-108.17,157878.0,False,17
526,Igor Jesus,FWD,35,5,0.66,0.22,33.67,14.41,29.71,5.94,0.2,0.07,0.91,0.46,0.59,-0.25,68.17,58.0,11104.17,176116.67,False,7
526,Igor Jesus,FWD,36,1,0.72,0.24,36.62,13.14,34.95,6.46,0.4,0.04,1.01,0.55,0.44,-0.77,62.67,58.17,20876.0,197855.0,True,15
526,Igor Jesus,FWD,37,2,0.45,0.45,35.23,14.55,44.77,6.36,0.44,0.04,1.08,0.47,0.42,-0.63,66.0,58.33,26435.17,225148.83,False,14
526,Igor Jesus,FWD,38,2,0.22,0.44,27.51,15.18,33.01,6.16,0.4,0.04,1.73,0.26,0.4,-0.63,68.17,58.5,25365.0,250922.5,True,4
560,Isidor,FWD,6,2,0.38,0.0,37.15,0.88,45.19,3.83,0.39,0.0,1.25,0.76,0.0,-0.1,47.0,55.0,19551.6,64371.4,False,16
560,Isidor,FWD,7,1,0.56,0.0,28.5,1.44,38.65,3.67,0.35,0.01,1.37,0.5,-0.01,-0.53,53.17,55.0,43480.0,106891.67,False,14
560,Isidor,FWD,8,2,0.5,0.0,18.1,1.31,30.25,2.73,0.3,0.01,1.5,0.2,-0.01,-0.26,60.5,55.17,54674.0,167689.33,True,20
560,Isidor,FWD,9,7,0.66,0.0,17.08,1.42,27.15,2.85,0.27,0.01,1.25,0.17,-0.01,-0.37,68.5,55.33,59943.67,233021.5,False,7
560,Isidor,FWD,10,2,0.59,0.0,13.89,1.47,26.02,2.35,0.35,0.01,1.22,0.04,-0.01,-0.44,76.67,55.5,49811.33,287407.33,True,9
560,Isidor,FWD,11,2,0.4,0.0,15.33,1.77,29.07,2.39,0.39,0.01,1.08,0.01,-0.01,-0.08,75.33,55.67,57400.83,349744.5,True,1
560,Isidor,FWD,12,2,0.41,0.0,9.31,2.38,22.76,2.48,0.3,0.01,1.28,-0.09,-0.01,-0.25,72.5,55.83,44079.67,396690.17,False,10
560,Isidor,FWD,13,2,0.43,0.0,9.78,2.02,21.96,2.17,0.29,0.0,1.16,-0.07,-0.0,-0.07,69.0,56.0,17642.67,416194.0,True,4
560,Isidor,FWD,14,1,0.43,0.0,10.77,3.12,25.84,2.37,0.29,0.0,1.18,-0.08,-0.0,-0.1,69.67,56.0,2762.83,420804.0,False,12
560,Isidor,FWD,15,1,0.24,0.0,11.16,3.25,29.11,2.43,0.37,0.0,1.4,-0.12,-0.0,0.06,61.83,56.0,-9845.33,412261.83,False,13
560,Isidor,FWD,16,0,0.26,0.0,6.14,3.09,25.06,3.84,0.3,0.01,1.53,-0.3,-0.01,0.26,58.67,56.0,-2745.83,411809.17,True,15
560,Isidor,FWD,17,1,0.31,0.31,5.9,3.23,26.38,4.34,0.28,0.01,1.63,-0.28,-0.01,0.23,48.33,55.83,-22693.17,390009.5,False,6
561,Mayenda,FWD,5,1,0.9,0.0,19.25,5.87,20.15,2.24,0.17,0.0,0.73,0.27,0.0,-0.28,67.0,55.0,43723.0,159929.67,True,2
561,Mayenda,FWD,7,1,0.85,0.0,19.62,5.59,19.19,2.56,0.17,0.0,0.8,0.26,0.0,-0.38,52.75,55.0,25379.25,159983.75,False,14
561,Mayenda,FWD,8,1,0.74,0.0,18.89,9.11,18.52,2.22,0.17,0.02,0.86,0.2,-0.02,-0.49,48.6,55.0,16776.4,151260.0,True,20
561,Mayenda,FWD,27,1,0.29,0.0,8.1,5.04,22.86,3.76,0.17,0.02,1.99,-0.17,-0.02,-0.25,51.83,52.0,-647.67,67935.67,True,10
561,Mayenda,FWD,28,9,0.29,0.0,7.57,7.69,24.76,4.08,0.17,0.04,2.06,-0.17,-0.04,-0.02,51.5,52.0,-472.83,67289.5,False,4
561,Mayenda,FWD,29,1,0.0,0.0,14.56,7.63,27.67,3.5,0.37,0.04,1.82,-0.08,-0.04,0.51,51.5,52.0,-305.17,66807.33,False,11
561,Mayenda,FWD,30,1,0.0,0.0,11.13,4.93,24.81,3.18,0.39,0.03,1.79,-0.07,-0.03,0.44,47.17,52.0,246.83,66878.33,True,6
596,Solanke,FWD,25,2,0.0,0.38,29.12,13.69,41.6,5.67,0.35,0.05,1.85,0.4,-0.05,0.05,47.6,73.0,-21841.4,242577.6,False,14
596,Solanke,FWD,26,2,0.0,0.28,22.71,10.62,34.64,5.39,0.26,0.05,1.69,0.3,-0.05,0.01,52.83,72.83,-12353.17,229704.83,True,15
596,Solanke,FWD,27,1,0.0,0.23,19.25,8.79,32.24,5.8,0.26,0.04,1.95,0.2,-0.04,-0.1,64.67,72.33,-10485.0,180456.17,True,1
596,Solanke,FWD,28,2,0.0,0.22,18.71,8.69,26.73,6.24,0.22,0.04,1.89,0.22,-0.04,0.11,67.33,72.0,8864.17,146071.33,False,10
596,Solanke,FWD,29,7,0.0,0.19,17.0,9.81,25.3,5.99,0.2,0.04,1.83,0.19,-0.04,0.1,77.67,72.0,7346.17,154115.5,True,8
596,Solanke,FWD,30,2,0.0,0.2,23.65,7.42,28.86,5.61,0.3,0.03,1.91,0.3,-0.03,0.29,74.83,72.0,3673.83,158313.83,False,12
596,Solanke,FWD,31,2,0.0,0.0,15.0,5.66,20.8,6.4,0.25,0.01,1.83,-0.05,-0.01,0.17,75.0,72.0,3234.83,162284.5,True,16
596,Solanke,FWD,32,2,0.0,0.0,15.81,5.78,23.43,7.03,0.28,0.01,1.86,-0.08,-0.01,0.48,76.83,72.0,-2787.5,160157.83,False,17
596,Solanke,FWD,33,2,0.0,0.0,15.42,5.86,31.63,5.86,0.34,0.01,1.64,-0.14,-0.01,0.51,76.83,72.0,-4736.17,155779.5,True,6
596,Solanke,FWD,34,1,0.0,0.0,14.46,7.09,32.01,5.51,0.3,0.01,1.54,-0.13,-0.01,0.52,87.17,72.0,-3010.17,152918.5,False,20
597,Richarlison,FWD,4,1,0.76,0.38,32.52,8.74,42.73,6.43,0.33,0.05,1.46,0.42,0.33,-1.08,79.33,66.0,316726.33,818554.0,False,19
597,Richarlison,FWD,5,9,0.7,0.35,31.52,11.7,40.27,5.95,0.31,0.05,1.35,0.39,0.3,-1.0,64.25,66.25,255419.75,1031690.75,False,6
597,Richarlison,FWD,6,2,0.52,0.26,32.42,12.53,49.28,5.19,0.43,0.05,1.34,0.35,0.21,-0.56,69.4,66.4,177382.2,1135586.0,True,20
597,Richarlison,FWD,7,1,0.41,0.21,26.77,10.11,40.37,4.94,0.34,0.04,1.3,0.28,0.17,-0.48,72.83,66.67,233544.5,1304033.5,False,11
597,Richarlison,FWD,8,1,0.24,0.24,16.96,11.47,28.51,5.89,0.21,0.04,1.34,0.02,0.19,-0.4,63.67,67.17,222226.5,1616823.83,True,2
597,Richarlison,FWD,9,4,0.0,0.0,15.58,13.03,27.4,5.1,0.22,0.05,1.21,0.05,-0.05,0.13,55.83,67.33,110080.0,1776037.17,False,9
597,Richarlison,FWD,10,1,0.0,0.0,21.43,12.2,35.93,6.92,0.39,0.15,1.11,-0.06,0.18,0.2,45.5,67.17,-61443.67,1730373.17,True,7
597,Richarlison,FWD,11,6,0.0,0.0,20.6,8.56,34.54,6.97,0.37,0.14,1.52,-0.05,0.18,-0.25,47.33,66.83,-109928.33,1634752.67,True,14
597,Richarlison,FWD,12,6,0.0,0.32,17.43,5.48,19.96,7.61,0.2,0.14,1.3,0.12,0.18,-0.03,47.33,66.33,-110747.83,1537539.17,False,1
597,Richarlison,FWD,13,1,0.0,0.32,25.35,8.62,22.18,8.24,0.2,0.14,1.55,0.43,0.18,0.67,47.33,65.67,-205429.5,1333204.83,True,10
597,Richarlison,FWD,14,0,0.0,0.28,22.02,7.95,20.09,6.88,0.17,0.12,1.36,0.39,0.15,1.12,54.5,65.0,-186184.17,1160466.0,False,15
597,Richarlison,FWD,15,8,0.0,0.58,22.06,5.75,21.19,6.97,0.17,0.1,1.62,0.41,0.19,1.0,51.67,64.5,-125018.0,1042292.17,True,5
597,Richarlison,FWD,16,2,0.24,0.48,23.95,7.81,23.71,6.53,0.3,0.03,1.31,0.43,-0.03,0.87,62.0,64.17,-72209.67,975846.0,False,16
597,Richarlison,FWD,17,4,0.21,0.42,22.08,6.73,21.88,6.46,0.27,0.02,1.31,0.35,-0.02,1.19,72.0,64.0,-16902.33,966035.5,True,12
597,Richarlison,FWD,18,5,0.26,0.51,27.87,9.66,25.57,6.65,0.34,0.02,1.45,0.43,-0.02,1.1,58.67,64.0,1530.17,971318.17,False,8
597,Richarlison,FWD,19,2,0.51,0.51,26.85,14.98,29.66,7.93,0.42,0.04,1.29,0.09,0.21,0.24,58.67,64.0,5761.67,979696.17,False,5
597,Richarlison,FWD,20,2,0.7,0.47,27.96,18.63,32.9,8.46,0.45,0.12,1.31,0.02,0.12,-0.37,63.83,64.0,-1717.83,975941.33,True,17
597,Richarlison,FWD,21,1,0.59,0.2,24.46,15.59,33.65,8.22,0.42,0.11,1.02,-0.03,0.08,-0.24,76.67,64.0,5316.83,984897.67,False,4
597,Richarlison,FWD,27,1,0.46,0.23,19.69,15.32,32.98,7.56,0.35,0.12,1.23,-0.12,0.11,-0.08,65.5,64.0,11307.33,999279.33,True,1
597,Richarlison,FWD,28,5,0.55,0.28,22.71,18.44,51.23,8.31,0.51,0.15,0.9,-0.23,0.13,-0.07,54.17,63.83,-9580.17,942476.33,False,10
597,Richarlison,FWD,29,1,0.52,0.26,21.27,17.48,46.69,8.04,0.45,0.14,1.05,-0.19,0.12,-0.27,57.83,63.67,-5076.17,891966.0,True,8
597,Richarlison,FWD,30,9,0.33,0.33,19.12,12.56,49.78,6.92,0.46,0.15,0.99,-0.13,-0.15,-0.0,45.5,63.5,59.67,846887.83,False,12
597,Richarlison,FWD,31,2,0.0,0.33,27.36,8.74,62.97,6.92,0.67,0.03,1.16,-0.01,-0.03,0.16,45.5,63.33,-844.0,798852.83,True,16
597,Richarlison,FWD,34,4,0.0,0.31,28.32,10.07,62.31,7.55,0.54,0.02,1.47,0.09,-0.02,0.1,47.67,63.0,3384.17,724637.17,False,20
597,Richarlison,FWD,35,9,0.0,0.29,25.51,12.41,43.85,7.17,0.4,0.01,1.44,0.17,0.27,-0.3,52.33,63.0,8510.17,735042.67,False,2
597,Richarlison,FWD,36,2,0.24,0.0,22.74,7.91,42.1,7.5,0.43,0.01,1.09,0.06,0.23,-0.13,62.0,63.0,7407.67,741630.67,True,11
597,Richarlison,FWD,37,7,0.2,0.0,18.77,8.84,42.78,6.86,0.46,0.02,1.13,-0.06,0.18,-0.12,74.33,63.0,19231.83,760887.17,False,7
597,Richarlison,FWD,38,2,0.2,0.0,17.96,9.1,39.96,6.26,0.47,0.03,0.98,-0.07,0.18,0.23,74.33,63.17,19361.67,779333.33,True,9
624,Bowen,FWD,4,2,0.33,0.0,23.0,19.7,24.33,5.67,0.1,0.07,1.38,0.23,-0.07,1.28,90.0,79.0,-293343.33,1301002.67,True,18
624,Bowen,FWD,5,9,0.25,0.0,20.25,15.88,28.0,6.5,0.11,0.06,1.36,0.14,-0.06,1.39,90.0,78.75,-244855.5,1180504.5,True,8
624,Bowen,FWD,6,9,0.2,0.0,22.4,16.78,27.0,5.8,0.13,0.09,1.55,0.27,-0.09,1.05,90.0,78.4,-209015.6,1097725.4,False,9
624,Bowen,FWD,7,2,0.17,0.0,24.17,14.53,28.33,5.67,0.14,0.08,1.41,0.36,-0.08,0.92,90.0,78.17,-176327.67,1041849.5,False,1
624,Bowen,FWD,8,2,0.17,0.0,23.17,15.62,23.33,5.5,0.11,0.08,1.76,0.39,-0.08,0.4,90.0,77.67,-175078.5,888251.83,True,5
624,Bowen,FWD,9,5,0.17,0.0,24.67,14.63,21.5,6.5,0.11,0.06,1.69,0.39,-0.06,-0.02,90.0,77.5,-58483.5,848521.33,False,11
624,Bowen,FWD,10,2,0.0,0.0,20.33,17.08,23.67,5.5,0.12,0.16,1.82,0.22,0.01,0.18,90.0,77.5,18381.5,882688.33,True,15
624,Bowen,FWD,11,2,0.0,0.0,20.0,20.98,24.17,5.33,0.14,0.17,1.69,0.19,-0.0,-0.02,90.0,77.5,14128.5,903667.83,True,3
624,Bowen,FWD,12,4,0.0,0.0,16.33,18.73,23.17,6.17,0.12,0.14,1.48,0.04,0.03,0.19,90.0,77.5,28159.5,941781.33,False,4
624,Bowen,FWD,13,2,0.0,0.0,13.5,18.28,19.17,7.33,0.12,0.13,2.03,-0.12,0.04,-0.2,90.0,77.5,6499.5,952281.67,True,12
624,Bowen,FWD,14,5,0.0,0.0,13.0,17.25,20.67,7.0,0.14,0.13,1.78,-0.14,0.03,0.06,90.0,77.33,-4874.0,951850.33,False,14
624,Bowen,FWD,15,9,0.0,0.0,13.0,15.35,25.83,6.67,0.17,0.13,1.65,-0.17,0.2,0.01,90.0,77.0,-62777.0,889295.0,False,6
624,Bowen,FWD,16,8,0.0,0.0,15.67,8.02,31.0,7.5,0.2,0.03,1.72,-0.03,0.14,-0.22,90.0,76.5,-66807.5,824360.33,True,2
624,Bowen,FWD,17,1,0.0,0.0,19.5,5.5,31.5,6.83,0.26,0.02,1.74,0.07,0.15,0.09,90.0,76.0,-29445.83,799497.0,False,13
624,Bowen,FWD,18,2,0.0,0.17,17.5,4.58,31.33,6.0,0.33,0.01,1.92,0.01,0.15,0.08,90.0,75.67,-23033.67,774570.17,True,10
624,Bowen,FWD,19,7,0.0,0.17,14.83,5.3,35.5,4.5,0.34,0.02,1.51,-0.01,0.15,0.32,90.0,75.5,12974.83,799729.33,True,6
624,Bowen,FWD,20,4,0.0,0.33,19.17,6.8,39.67,4.83,0.43,0.02,1.79,0.08,0.15,0.04,90.0,75.5,21554.33,822206.17,False,20
624,Bowen,FWD,21,2,0.0,0.33,17.33,7.27,32.67,6.17,0.4,0.02,1.84,0.1,-0.02,0.32,90.0,75.67,81924.17,911526.5,True,16
624,Bowen,FWD,22,3,0.0,0.33,13.0,9.58,27.5,6.5,0.38,0.05,1.76,-0.05,-0.04,0.57,90.0,76.0,94062.0,1009004.83,False,18
624,Bowen,FWD,23,12,0.0,0.5,8.33,7.77,21.5,8.17,0.29,0.05,1.89,-0.12,-0.05,0.11,90.0,76.33,39726.17,1048953.67,True,17
624,Bowen,FWD,24,8,0.0,0.33,15.67,11.0,22.67,8.5,0.34,0.07,1.65,-0.01,0.09,0.01,90.0,76.5,26815.5,1078849.17,False,7
624,Bowen,FWD,25,2,0.0,0.34,21.74,14.86,22.75,9.34,0.36,0.09,1.73,0.15,0.08,0.14,88.33,76.5,19803.33,1092500.83,False,3
624,Bowen,FWD,26,5,0.17,0.17,18.17,13.02,17.15,9.51,0.25,0.09,1.46,0.08,0.08,0.07,88.33,76.67,54395.5,1157352.83,True,14
624,Bowen,FWD,27,4,0.34,0.17,19.57,14.04,17.52,8.85,0.25,0.17,1.21,0.09,0.17,-0.19,88.17,76.67,-21607.17,1130756.0,True,4
624,Bowen,FWD,28,7,0.51,0.17,19.57,21.71,16.16,9.7,0.24,0.29,1.09,0.1,0.05,-0.41,88.17,76.5,-28161.17,1105013.67,False,12
624,Bowen,FWD,29,4,0.51,0.0,23.14,28.5,17.35,9.53,0.22,0.33,1.16,0.12,0.18,0.2,88.17,76.33,-6313.0,1101777.33,False,10
624,Bowen,FWD,30,6,0.68,0.17,20.42,31.3,14.8,10.38,0.1,0.32,1.19,0.07,0.19,-0.0,88.17,76.17,-4982.33,1099693.67,True,13
624,Bowen,FWD,31,2,0.67,0.17,18.2,29.19,9.18,10.69,0.06,0.32,1.19,-0.06,0.35,-0.19,89.83,76.0,-17644.33,1084171.83,False,2
624,Bowen,FWD,32,14,0.5,0.17,18.2,32.04,9.85,10.52,0.07,0.35,1.25,-0.07,0.32,0.09,89.83,75.67,-29843.33,1076710.0,True,20
624,Bowen,FWD,33,2,0.5,0.17,23.17,36.08,12.83,11.0,0.12,0.28,1.28,-0.12,0.72,0.05,90.0,75.5,33776.0,1115911.17,False,8
624,Bowen,FWD,34,10,0.5,0.17,23.0,28.28,11.67,10.0,0.11,0.16,1.29,-0.11,0.84,0.04,90.0,75.5,37140.17,1133349.17,True,9
624,Bowen,FWD,35,2,0.5,0.17,24.67,25.62,12.5,9.17,0.12,0.2,1.22,-0.12,0.97,-0.55,90.0,75.67,145926.17,1398551.83,False,5
624,Bowen,FWD,36,2,0.34,0.0,22.96,28.56,13.41,8.04,0.12,0.21,1.44,-0.12,0.79,-0.27,89.5,76.17,161570.83,1558807.5,True,1
624,Bowen,FWD,37,2,0.34,0.0,20.95,28.74,14.92,6.87,0.14,0.19,1.3,-0.14,0.65,-0.13,89.5,76.5,119033.67,1673614.5,False,15
624,Bowen,FWD,38,12,0.34,0.0,20.61,26.3,15.25,7.37,0.14,0.17,1.31,-0.14,0.67,0.03,89.5,76.83,91459.17,1736509.33,True,11
625,Füllkrug,FWD,5,1,0.45,0.0,3.64,11.95,30.45,1.82,0.13,0.05,1.29,-0.13,-0.05,1.44,66.0,59.67,-61013.33,302296.33,True,8
625,Füllkrug,FWD,6,2,0.39,0.0,3.54,14.5,27.12,1.57,0.11,0.05,1.33,-0.11,-0.05,1.42,57.25,59.25,-50741.75,262221.0,False,9
625,Füllkrug,FWD,7,2,0.28,0.0,6.21,20.29,32.73,3.95,0.15,0.05,1.16,-0.15,-0.05,1.09,63.8,58.8,-44374.8,234741.2,False,1
625,Füllkrug,FWD,12,1,0.24,0.0,5.46,17.17,29.68,4.04,0.2,0.04,1.41,-0.2,-0.04,0.73,63.17,58.5,-38547.67,215078.17,False,4
625,Füllkrug,FWD,13,1,0.3,0.0,7.67,17.73,26.85,5.61,0.21,0.03,2.23,-0.21,-0.03,-0.17,50.83,57.83,-39031.67,167153.67,True,12
654,Strand Larsen,FWD,6,2,0.0,0.0,6.21,3.41,34.58,3.1,0.23,0.06,1.54,-0.23,-0.06,0.67,67.67,64.67,-22226.67,388420.67,False,18
654,Strand Larsen,FWD,7,2,0.31,0.0,6.29,2.93,28.01,3.15,0.19,0.05,1.35,-0.19,-0.05,0.22,71.5,64.5,-22719.5,333988.5,True,6
654,Strand Larsen,FWD,8,2,0.5,0.0,5.72,2.76,23.12,3.48,0.16,0.04,1.3,-0.16,-0.04,-0.06,72.4,64.4,-19160.4,300813.0,False,17
654,Strand Larsen,FWD,9,6,0.4,0.0,5.58,6.61,20.51,3.19,0.14,0.05,1.17,-0.14,-0.05,0.22,75.33,64.33,-15388.0,279717.83,True,3
654,Strand Larsen,FWD,10,2,0.39,0.0,8.39,8.8,19.91,2.54,0.22,0.07,0.98,-0.03,-0.07,0.19,76.83,64.17,-16377.67,228882.17,False,10
654,Strand Larsen,FWD,11,2,0.39,0.0,8.24,10.24,17.06,2.75,0.2,0.07,0.91,-0.01,-0.07,0.66,76.5,64.0,-16585.67,173121.5,False,7
654,Strand Larsen,FWD,12,2,0.36,0.0,8.21,9.62,15.18,2.68,0.19,0.04,1.4,-0.01,-0.04,0.56,84.0,63.83,-9598.67,165158.33,True,8
654,Strand Larsen,FWD,13,2,0.18,0.0,7.75,11.82,15.68,2.99,0.18,0.05,1.47,-0.0,-0.05,0.82,85.17,63.67,-6749.17,159926.83,False,2
654,Strand Larsen,FWD,14,2,0.0,0.0,6.86,11.59,18.17,2.57,0.19,0.04,1.44,-0.01,-0.04,0.96,87.5,63.5,-7000.17,154010.83,True,16
654,Strand Larsen,FWD,15,1,0.0,0.0,6.69,8.13,16.46,2.74,0.18,0.03,1.45,-0.01,-0.03,0.78,87.5,63.33,-7261.17,147842.5,True,14
654,Strand Larsen,FWD,16,2,0.0,0.18,2.86,6.28,10.38,2.86,0.04,0.01,1.82,-0.04,-0.01,0.51,83.83,63.0,-7508.67,141115.0,False,1
654,Strand Larsen,FWD,17,0,0.18,0.18,3.81,4.65,9.98,3.45,0.06,0.01,1.86,-0.06,-0.01,-0.05,82.67,62.67,-7668.5,134221.5,True,5
654,Strand Larsen,FWD,18,1,0.18,0.18,2.18,4.65,13.25,4.35,0.2,0.01,1.49,-0.2,-0.01,0.14,82.67,62.5,-4918.5,130225.5,False,12
654,Strand Larsen,FWD,19,0,0.21,0.21,2.28,2.34,12.44,3.94,0.22,0.0,1.51,-0.22,-0.0,-0.06,72.33,62.17,-4397.5,126439.17,False,14
654,Strand Larsen,FWD,20,1,0.24,0.49,2.43,2.24,9.49,4.86,0.23,0.0,1.6,-0.23,-0.0,-0.14,61.67,61.83,-3672.17,123517.33,True,19
654,Strand Larsen,FWD,21,4,0.29,0.58,1.75,3.03,13.11,4.95,0.32,0.01,1.73,-0.32,-0.01,-0.27,51.5,61.5,-3922.0,119995.0,False,9
654,Strand Larsen,FWD,27,2,0.31,0.31,23.04,9.83,30.41,3.69,0.29,0.03,0.96,0.33,0.28,0.27,48.83,61.0,9710.67,128426.33,True,20
654,Strand Larsen,FWD,28,1,0.5,0.25,16.5,10.8,27.25,4.25,0.24,0.02,1.16,0.26,-0.02,-0.17,60.0,61.17,35389.5,165705.67,False,14
654,Strand Larsen,FWD,29,5,0.46,0.23,14.69,11.16,25.71,4.36,0.26,0.03,1.22,0.2,-0.03,-0.07,65.33,61.33,29605.5,195378.83,False,18
654,Strand Larsen,FWD,30,1,0.42,0.42,19.6,10.71,28.45,4.85,0.27,0.05,1.37,0.36,-0.05,-0.11,71.17,61.33,25022.33,220777.83,True,11
654,Strand Larsen,FWD,32,2,0.39,0.39,17.96,10.18,24.33,4.44,0.21,0.05,1.29,0.37,-0.05,-0.33,77.67,61.33,27462.17,249057.5,True,15
654,Strand Larsen,FWD,33,1,0.2,0.2,20.25,11.41,18.0,4.91,0.16,0.04,1.42,0.46,-0.04,-0.2,73.33,61.17,22048.17,265309.5,True,19
654,Strand Larsen,FWD,34,1,0.22,0.22,9.26,11.07,12.13,5.07,0.13,0.04,1.54,0.09,-0.04,-0.88,68.0,60.83,10155.5,267761.67,False,12
654,Strand Larsen,FWD,35,2,0.0,0.27,9.85,7.72,13.05,4.26,0.22,0.05,1.44,0.05,-0.05,-0.37,56.33,60.33,-16039.0,244386.33,False,4
654,Strand Larsen,FWD,36,2,0.0,0.26,12.26,10.02,16.17,4.96,0.22,0.07,1.52,0.04,-0.07,-0.22,57.5,59.83,-11709.0,227287.0,True,9
654,Strand Larsen,FWD,36,1,0.0,0.0,5.47,8.18,12.86,4.1,0.21,0.07,1.55,-0.21,-0.07,0.09,54.83,59.5,-2587.33,219326.0,False,13
654,Strand Larsen,FWD,37,2,0.0,0.0,6.6,8.49,15.3,3.6,0.26,0.08,1.55,-0.26,-0.08,0.55,50.0,59.17,-769.17,208190.67,False,5
654,Strand Larsen,FWD,38,2,0.0,0.0,7.3,8.33,22.2,2.74,0.32,0.12,1.41,-0.32,-0.12,0.72,49.33,59.0,-136.83,203689.33,True,1
661,Ekitiké,FWD,4,2,0.39,0.0,28.82,18.59,24.47,3.16,0.53,0.03,1.05,0.26,0.36,-0.26,76.0,86.0,359489.67,2294069.33,False,3
661,Ekitiké,FWD,5,8,0.6,0.0,24.38,14.99,21.67,3.61,0.44,0.04,0.84,0.17,0.26,-0.24,74.75,86.5,357979.75,2634869.25,True,9
661,Ekitiké,FWD,7,1,0.49,0.0,29.59,12.77,23.42,5.67,0.44,0.05,0.85,0.3,0.2,-0.11,73.0,86.8,219493.0,2764677.8,False,7
661,Ekitiké,FWD,8,1,0.47,0.0,29.06,12.4,23.62,6.14,0.45,0.05,1.01,0.26,0.18,-0.07,63.5,86.83,128968.67,2660036.83,True,14
661,Ekitiké,FWD,9,2,0.53,0.0,22.63,7.99,19.7,6.66,0.22,0.05,0.91,0.31,-0.05,0.15,56.33,87.17,103436.17,2764372.5,False,5
661,Ekitiké,FWD,10,2,0.52,0.0,13.41,5.13,17.54,6.45,0.25,0.04,1.39,0.01,-0.04,0.15,58.17,87.17,21267.17,2713763.5,True,2
661,Ekitiké,FWD,11,1,0.52,0.0,13.23,6.33,18.16,6.22,0.25,0.05,1.37,0.01,-0.05,0.18,57.83,87.0,-82199.5,2530795.33,False,13
661,Ekitiké,FWD,12,1,0.27,0.0,12.51,8.97,17.4,5.71,0.24,0.05,1.77,0.03,-0.05,0.41,55.17,86.67,-157253.83,2241842.0,True,16
661,Ekitiké,FWD,13,1,0.3,0.0,3.3,13.05,13.5,3.6,0.17,0.04,2.02,-0.17,-0.04,0.38,50.0,86.33,-100272.0,2020889.5,False,19
661,Ekitiké,FWD,14,1,0.29,0.0,1.76,13.21,13.24,3.24,0.14,0.03,1.78,-0.14,-0.03,0.28,51.0,86.0,-89123.5,1944071.33,True,17
661,Ekitiké,FWD,15,13,0.31,0.0,2.76,13.87,11.33,3.37,0.14,0.04,1.71,-0.14,-0.04,0.12,49.0,85.67,-81733.17,1872021.17,False,11
661,Ekitiké,FWD,16,13,0.31,0.0,20.38,14.36,37.94,3.14,0.34,0.05,1.28,0.28,-0.05,0.29,47.83,85.33,-103197.33,1775731.33,True,6
661,Ekitiké,FWD,17,9,0.31,0.0,40.0,14.16,61.25,4.69,0.59,0.04,1.71,0.66,-0.04,-0.15,48.0,85.17,-32294.33,1758166.0,False,18
661,Ekitiké,FWD,18,5,0.28,0.0,44.02,13.76,64.92,4.18,0.6,0.04,1.45,0.79,-0.04,-0.34,53.83,85.33,152048.83,1932766.33,True,20
661,Ekitiké,FWD,19,2,0.24,0.0,41.74,13.61,60.32,3.86,0.59,0.12,1.3,0.62,0.13,-0.34,62.17,86.0,379938.67,2367558.17,True,11
661,Ekitiké,FWD,22,2,0.41,0.0,35.1,14.51,58.37,3.47,0.7,0.16,1.21,0.32,0.04,-0.39,73.5,87.0,476902.33,2879486.67,True,3
661,Ekitiké,FWD,23,1,0.35,0.0,30.41,14.56,62.91,2.97,0.7,0.23,1.07,0.17,-0.05,-0.2,85.83,87.67,470593.5,3195024.67,False,4
661,Ekitiké,FWD,24,13,0.39,0.0,23.13,18.37,51.51,2.92,0.59,0.25,1.28,-0.0,-0.06,-0.51,77.17,88.5,476052.33,3515482.67,True,15
661,Ekitiké,FWD,25,2,0.19,0.0,21.11,18.42,49.51,2.3,0.65,0.25,1.02,-0.07,-0.06,-0.06,78.17,89.0,350406.33,3701649.83,True,13
661,Ekitiké,FWD,26,2,0.19,0.0,15.16,17.69,46.44,2.88,0.71,0.25,1.37,-0.33,-0.06,-0.22,78.17,89.33,232975.0,3765656.83,False,17
661,Ekitiké,FWD,27,2,0.38,0.0,11.08,17.12,45.48,3.06,0.74,0.21,1.27,-0.36,-0.21,-0.31,78.5,89.17,-7660.0,3549648.17,False,16
661,Ekitiké,FWD,28,15,0.38,0.0,12.99,14.45,46.62,3.63,0.68,0.15,1.36,-0.3,-0.15,-0.41,78.5,88.83,-44786.33,3325002.83,True,19
661,Ekitiké,FWD,29,2,0.39,0.0,22.3,16.78,39.67,4.34,0.61,0.08,1.66,-0.02,0.32,-0.48,76.0,88.83,6689.17,3340360.0,False,20
661,Ekitiké,FWD,30,1,0.35,0.0,20.97,15.31,37.4,4.54,0.55,0.13,1.25,-0.03,0.22,-0.03,85.83,89.17,158142.0,3513452.83,True,18
661,Ekitiké,FWD,31,1,0.39,0.0,13.36,18.49,30.07,5.11,0.49,0.14,1.45,-0.29,0.25,-0.07,76.33,89.83,246052.5,3768688.83,False,6
666,Gyökeres,FWD,4,6,0.38,0.38,19.58,12.46,20.33,3.39,0.48,0.09,0.52,0.27,-0.09,-0.15,79.67,90.0,1641.33,2645728.33,True,16
666,Gyökeres,FWD,5,2,0.59,0.29,24.12,13.06,28.82,3.53,0.62,0.08,0.44,0.26,-0.08,-0.14,76.5,90.0,-48.0,2724468.5,True,13
666,Gyökeres,FWD,6,2,0.45,0.23,19.32,10.5,25.0,3.41,0.48,0.06,0.54,0.2,-0.06,-0.09,79.2,90.0,9845.2,2782858.8,False,15
666,Gyökeres,FWD,7,2,0.37,0.19,17.41,12.57,30.0,3.89,0.44,0.07,0.55,0.11,-0.07,0.0,81.0,90.0,11397.5,2828113.33,True,19
666,Gyökeres,FWD,8,2,0.52,0.17,16.19,11.09,36.21,3.48,0.52,0.07,0.48,-0.0,-0.07,0.04,86.17,90.0,56075.67,2985742.67,False,10
666,Gyökeres,FWD,9,2,0.52,0.17,10.44,10.97,36.91,2.96,0.37,0.07,0.53,-0.2,-0.07,-0.01,86.17,90.17,14633.67,3048678.17,True,8
666,Gyökeres,FWD,10,7,0.7,0.0,9.05,7.02,38.47,3.13,0.4,0.04,0.52,-0.23,-0.04,-0.17,86.17,90.17,-46072.5,3043860.33,False,3
666,Gyökeres,FWD,13,0,0.55,0.0,11.09,11.36,38.91,3.09,0.42,0.07,0.53,-0.24,-0.07,-0.16,82.5,90.17,-73002.5,2987089.5,False,7
666,Gyökeres,FWD,14,1,0.64,0.21,12.34,12.98,43.4,2.98,0.5,0.08,0.46,-0.28,-0.08,-0.25,70.5,89.83,-105247.0,2707681.33,True,5
666,Gyökeres,FWD,15,1,0.79,0.26,13.76,10.75,40.24,2.12,0.55,0.07,0.43,-0.28,-0.07,-0.43,56.67,89.5,-111050.17,2421821.17,False,2
666,Gyökeres,FWD,16,2,0.61,0.31,17.08,12.23,31.73,2.75,0.44,0.07,0.75,-0.13,-0.07,-0.44,49.17,89.17,-160710.83,2074669.0,True,20
666,Gyökeres,FWD,17,5,0.63,0.32,15.47,12.47,21.47,2.84,0.34,0.07,0.72,-0.03,-0.07,-0.41,47.5,88.67,-98390.0,1796177.5,False,9
666,Gyökeres,FWD,19,2,0.63,0.63,10.14,4.44,28.84,2.22,0.49,0.06,0.8,-0.17,-0.06,-0.17,47.33,88.0,-37493.83,1328560.17,True,2
666,Gyökeres,FWD,20,2,0.79,0.26,7.63,3.76,27.37,2.89,0.47,0.05,0.8,-0.21,-0.05,-0.27,57.0,88.0,-19200.5,1313468.67,False,4
666,Gyökeres,FWD,21,2,0.68,0.22,6.98,3.31,25.65,3.38,0.41,0.04,0.98,-0.18,-0.04,-0.3,66.67,88.0,-20312.5,1295748.33,True,12
666,Gyökeres,FWD,22,1,0.86,0.22,7.32,5.83,24.11,3.01,0.39,0.04,0.7,-0.18,-0.04,-0.27,69.67,88.0,-19209.0,1279365.83,False,16
666,Gyökeres,FWD,23,1,0.69,0.23,7.08,6.67,24.21,3.43,0.43,0.05,0.73,-0.2,-0.05,-0.28,65.67,87.83,-32326.67,1247395.83,True,14
666,Gyökeres,FWD,24,7,0.5,0.0,3.73,4.75,19.14,3.73,0.25,0.01,0.82,-0.25,-0.01,-0.07,60.33,87.67,-21443.0,1229108.17,False,11
666,Gyökeres,FWD,25,12,0.74,0.0,10.3,7.55,19.86,4.41,0.24,0.01,0.71,0.01,-0.01,-0.22,61.17,87.5,-16102.67,1215073.0,True,17
666,Gyökeres,FWD,26,1,0.56,0.0,27.76,8.55,32.52,4.21,0.46,0.01,0.63,0.38,-0.01,-0.06,53.5,87.33,-3491.83,1215764.0,False,5
666,Gyökeres,FWD,26,2,0.52,0.26,24.97,11.47,29.13,3.38,0.42,0.12,0.62,0.36,-0.12,-0.1,57.67,87.33,80689.67,1311353.17,False,20
666,Gyökeres,FWD,27,13,0.26,0.26,25.16,10.79,29.05,3.37,0.42,0.12,0.59,0.36,-0.12,0.19,57.83,87.33,165028.17,1410601.17,False,18
666,Gyökeres,FWD,28,2,0.24,0.24,38.27,12.66,34.25,3.54,0.43,0.19,0.66,0.75,-0.19,0.28,63.5,87.5,133897.83,1465060.67,True,7
666,Gyökeres,FWD,29,1,0.21,0.21,34.81,12.04,30.35,3.82,0.39,0.18,0.75,0.67,-0.18,0.1,70.67,87.67,143682.67,1530832.67,False,6
666,Gyökeres,FWD,30,7,0.0,0.22,28.97,13.07,23.22,3.76,0.28,0.19,0.88,0.6,-0.19,0.01,67.83,87.83,144110.83,1597447.83,True,9
666,Gyökeres,FWD,32,5,0.0,0.22,24.61,13.15,19.51,3.99,0.3,0.19,0.89,0.37,-0.19,-0.0,67.67,88.0,128166.83,1646053.5,True,4
666,Gyökeres,FWD,33,1,0.0,0.22,25.49,10.44,26.16,3.55,0.53,0.1,0.82,0.36,-0.1,0.29,67.67,88.0,56947.0,1602961.67,False,13
666,Gyökeres,FWD,34,1,0.0,0.26,28.71,9.41,30.0,3.88,0.61,0.11,0.93,0.42,-0.11,0.11,58.0,88.0,-30388.33,1548712.5,True,15
666,Gyökeres,FWD,35,16,0.0,0.29,14.33,9.34,24.08,3.44,0.6,0.03,1.0,-0.02,-0.03,-0.14,52.33,88.0,18663.67,1573765.83,True,10
666,Gyökeres,FWD,36,2,0.3,0.3,33.68,12.64,50.66,2.98,1.12,0.02,0.8,0.07,0.28,-0.21,50.33,88.0,8500.67,1573555.17,False,19
666,Gyökeres,FWD,37,1,0.54,0.27,32.07,11.32,46.62,2.69,1.04,0.02,0.89,0.04,0.25,-0.35,55.67,88.17,71350.33,1638008.83,True,3
666,Gyökeres,FWD,38,1,0.56,0.28,24.6,11.74,40.25,2.8,0.8,0.02,0.9,0.04,0.26,-0.34,53.67,88.5,146389.33,1778532.17,False,8
671,Wilson,FWD,11,7,0.33,0.0,17.93,5.48,35.87,2.93,0.39,0.02,1.53,-0.06,-0.02,-0.22,46.0,59.0,-2433.83,47995.5,True,3
671,Wilson,FWD,12,12,0.3,0.0,26.01,4.78,44.55,2.99,0.62,0.01,1.2,-0.02,-0.01,-0.3,50.17,58.67,-752.0,48149.17,False,4
671,Wilson,FWD,13,2,0.28,0.0,29.26,4.39,32.3,3.59,0.42,0.01,1.21,0.41,-0.01,-0.38,54.33,58.5,1014.83,49558.17,True,12
671,Wilson,FWD,14,2,0.24,0.0,25.51,3.8,29.76,2.83,0.38,0.01,1.12,0.33,-0.01,-0.18,63.5,58.33,6894.0,58682.17,False,14
671,Wilson,FWD,15,4,0.22,0.0,25.31,6.38,28.61,2.86,0.35,0.01,0.92,0.31,-0.01,-0.04,68.17,58.17,7381.33,66121.17,False,6
671,Wilson,FWD,16,1,0.0,0.0,29.09,9.27,30.08,3.23,0.41,0.02,1.1,0.34,0.23,0.15,60.33,58.0,9192.83,76580.83,True,2
671,Wilson,FWD,17,1,0.0,0.0,32.99,10.42,30.1,3.18,0.46,0.02,1.22,0.41,0.27,-0.07,51.83,58.0,10850.17,88597.17,False,13
680,Broja,FWD,19,7,0.3,0.0,10.62,8.29,39.54,3.84,0.53,0.01,1.76,-0.24,-0.01,0.6,50.83,52.0,1349.0,17336.33,True,15
680,Broja,FWD,20,2,0.23,0.0,14.46,11.38,32.41,5.83,0.43,0.01,1.75,-0.2,0.22,0.35,64.33,52.0,1439.33,19029.33,False,6
680,Broja,FWD,21,2,0.2,0.0,13.5,10.04,28.02,5.32,0.34,0.01,1.81,-0.14,0.19,0.44,73.33,52.0,2482.67,21733.83,True,14
680,Broja,FWD,22,2,0.21,0.0,15.91,7.89,24.91,5.44,0.27,0.01,1.91,-0.06,0.2,0.39,71.67,52.0,2427.0,24332.33,False,12
680,Broja,FWD,23,2,0.22,0.0,17.0,8.28,15.69,5.88,0.17,0.01,2.0,0.04,0.2,-0.04,68.83,52.0,2046.17,26519.17,True,18
680,Broja,FWD,24,1,0.2,0.0,10.07,7.66,9.87,5.13,0.12,0.01,1.98,-0.12,0.18,-0.21,76.0,52.0,1800.17,28458.5,False,17
680,Broja,FWD,25,1,0.0,0.0,11.14,6.16,7.05,5.23,0.04,0.02,2.27,-0.04,0.21,0.0,66.0,52.0,709.33,29110.17,True,19
680,Broja,FWD,30,1,0.0,0.0,6.81,2.04,8.8,3.12,0.06,0.01,2.19,-0.06,-0.01,-0.2,52.83,52.0,449.33,29566.83,True,4
681,Šeško,FWD,7,9,0.0,0.0,13.16,13.68,46.22,2.14,0.4,0.04,1.69,-0.09,-0.04,0.46,49.0,74.17,-82887.83,718953.33,True,17
681,Šeško,FWD,8,1,0.25,0.0,18.55,11.31,44.62,3.76,0.37,0.02,1.51,0.13,-0.02,0.25,59.83,73.83,-78647.0,685366.83,False,12
681,Šeško,FWD,9,4,0.26,0.0,19.49,14.26,46.15,5.13,0.38,0.01,1.77,0.13,-0.01,0.03,58.5,73.5,-72380.5,630611.17,True,6
681,Šeško,FWD,10,2,0.22,0.22,19.13,14.87,39.78,5.22,0.31,0.01,1.67,0.12,0.2,0.07,69.0,73.17,-44820.33,598040.83,False,16
681,Šeško,FWD,11,1,0.21,0.21,18.21,13.91,39.39,5.08,0.33,0.01,1.54,0.09,0.2,-0.06,70.83,73.0,-3033.67,604679.5,False,18
681,Šeško,FWD,16,4,0.22,0.22,17.48,14.37,41.5,5.02,0.34,0.01,1.6,0.1,0.21,0.37,68.67,73.0,3178.33,614366.0,True,4
681,Šeško,FWD,17,2,0.26,0.26,14.96,13.93,18.37,5.77,0.18,0.01,1.53,0.09,0.51,0.3,57.17,72.83,6032.5,587429.17,False,2
681,Šeško,FWD,18,1,0.0,0.28,7.48,9.14,14.4,3.88,0.19,0.01,1.82,-0.19,0.54,0.67,54.17,72.67,2456.67,555502.67,True,15
681,Šeško,FWD,19,2,0.0,0.25,6.59,8.09,15.21,3.8,0.25,0.01,1.28,-0.25,0.5,0.75,59.17,72.5,-5028.17,514605.0,True,20
681,Šeško,FWD,20,2,0.0,0.0,4.45,4.87,32.64,3.71,0.3,0.0,1.34,-0.3,0.24,0.64,60.67,72.33,914.0,481614.17,False,11
681,Šeško,FWD,21,13,0.0,0.0,2.47,5.81,33.87,3.96,0.45,0.01,1.09,-0.45,0.24,0.65,60.67,72.17,-4279.83,439891.0,False,3
681,Šeško,FWD,23,1,0.0,0.0,16.64,5.84,56.52,3.63,0.64,0.01,0.96,-0.21,0.2,0.53,70.33,72.0,3477.33,406429.5,False,1
681,Šeško,FWD,24,6,0.0,0.0,15.59,6.01,58.17,3.29,0.65,0.01,0.96,-0.22,-0.01,0.58,68.33,72.0,2476.5,415024.0,True,10
681,Šeško,FWD,25,1,0.0,0.0,24.15,7.09,69.66,4.07,0.83,0.01,1.02,-0.06,-0.01,0.76,59.0,72.0,278.17,421490.0,True,18
681,Šeško,FWD,26,8,0.0,0.0,27.29,4.7,82.16,2.61,0.92,0.01,1.11,-0.05,-0.01,0.93,51.67,72.0,1980.0,429934.83,False,19
681,Šeško,FWD,33,2,0.0,0.28,30.66,3.52,44.44,2.81,0.46,0.01,1.87,0.38,-0.01,-0.18,53.33,73.0,71110.67,744630.83,False,7
681,Šeško,FWD,34,8,0.25,0.25,20.11,3.78,34.09,1.72,0.31,0.01,1.88,0.18,-0.01,-0.41,61.17,73.17,52290.67,792833.17,True,5
681,Šeško,FWD,35,5,0.24,0.24,19.66,5.83,23.68,2.61,0.33,0.01,2.07,0.14,-0.01,-0.64,63.33,73.33,41100.83,838850.33,True,12
691,Calvert-Lewin,FWD,6,2,0.51,0.0,24.27,16.28,30.34,3.54,0.25,0.04,0.99,0.26,0.47,-0.49,59.33,55.0,3951.67,15378.0,True,4
691,Calvert-Lewin,FWD,7,2,0.34,0.0,16.46,15.31,38.62,3.36,0.4,0.04,0.85,-0.06,0.3,-0.18,67.0,55.0,19028.75,35071.5,True,18
691,Calvert-Lewin,FWD,8,2,0.25,0.0,12.57,21.09,35.7,3.27,0.34,0.11,0.77,-0.09,0.14,0.23,71.6,55.0,21365.4,53117.4,False,3
691,Calvert-Lewin,FWD,9,2,0.2,0.0,11.05,19.12,32.75,3.21,0.34,0.09,0.71,-0.13,0.11,0.5,74.67,55.0,32091.83,80638.83,True,19
691,Calvert-Lewin,FWD,10,2,0.35,0.0,9.98,18.7,26.09,2.98,0.3,0.08,0.71,-0.12,0.09,0.34,85.67,55.0,30875.33,114409.17,False,6
691,Calvert-Lewin,FWD,11,1,0.18,0.0,9.53,16.99,23.47,3.0,0.25,0.07,1.14,-0.08,0.1,0.27,85.0,55.0,24330.67,140912.17,False,16
691,Calvert-Lewin,FWD,12,1,0.21,0.0,3.1,16.39,28.28,2.68,0.32,0.08,1.15,-0.32,-0.08,0.51,72.67,55.0,16007.0,158861.33,True,2
691,Calvert-Lewin,FWD,13,7,0.25,0.0,3.45,16.35,21.7,2.96,0.22,0.09,1.37,-0.22,-0.09,0.6,60.83,55.0,1882.33,161909.5,False,13
691,Calvert-Lewin,FWD,14,9,0.28,0.0,12.09,7.96,23.06,3.09,0.25,0.01,1.53,0.03,-0.01,0.44,53.33,55.0,-5732.0,156775.67,True,7
691,Calvert-Lewin,FWD,15,6,0.29,0.0,20.57,8.14,30.29,3.71,0.55,0.01,1.68,0.02,-0.01,0.03,52.5,55.0,-20263.33,136888.67,True,12
691,Calvert-Lewin,FWD,16,9,0.0,0.0,21.44,7.87,38.37,3.67,0.78,0.01,2.03,0.06,-0.01,0.51,53.17,55.0,-18905.83,118508.67,False,5
691,Calvert-Lewin,FWD,17,13,0.0,0.0,27.91,8.63,50.87,3.91,0.85,0.02,1.4,0.2,-0.02,0.69,57.5,55.17,32319.17,154507.5,True,8
691,Calvert-Lewin,FWD,18,8,0.22,0.0,36.43,9.52,61.37,3.47,0.93,0.03,1.07,0.37,-0.03,0.45,69.17,55.5,88811.5,249274.83,False,17
691,Calvert-Lewin,FWD,19,1,0.19,0.0,37.5,10.8,61.31,2.81,0.87,0.05,0.95,0.44,-0.05,0.37,80.0,56.0,158798.5,419439.83,False,12
691,Calvert-Lewin,FWD,20,2,0.2,0.0,34.22,11.33,60.53,2.77,0.89,0.05,0.93,0.29,-0.05,0.25,75.83,56.5,183780.0,601204.83,True,14
691,Calvert-Lewin,FWD,21,8,0.2,0.0,27.78,9.14,53.41,2.35,0.67,0.07,1.06,0.31,-0.07,0.11,76.67,57.17,214037.17,817195.67,False,15
691,Calvert-Lewin,FWD,22,2,0.2,0.2,32.17,10.07,52.89,2.37,0.67,0.08,0.99,0.31,0.12,-0.0,76.0,57.83,220254.67,1038531.83,True,10
691,Calvert-Lewin,FWD,23,2,0.39,0.2,25.26,9.04,43.62,1.97,0.62,0.07,0.92,0.17,0.13,-0.13,76.0,58.5,228577.33,1269491.33,False,9
691,Calvert-Lewin,FWD,24,2,0.2,0.2,13.3,7.1,26.22,2.35,0.46,0.06,0.95,-0.07,0.14,0.03,76.67,59.0,182771.67,1450612.0,True,1
691,Calvert-Lewin,FWD,25,7,0.2,0.2,7.83,4.91,16.43,2.35,0.39,0.04,1.14,-0.19,0.16,0.23,76.67,59.33,87106.33,1528950.83,True,16
691,Calvert-Lewin,FWD,27,2,0.17,0.17,11.21,5.23,19.19,2.55,0.39,0.03,1.2,-0.05,0.14,0.16,88.33,59.5,43494.83,1580032.83,False,2
691,Calvert-Lewin,FWD,28,2,0.17,0.17,12.23,10.65,24.62,3.23,0.41,0.02,1.18,-0.07,0.15,0.18,88.33,59.33,-8261.5,1567631.67,True,13
691,Calvert-Lewin,FWD,29,2,0.17,0.0,6.91,10.01,23.26,2.87,0.38,0.02,1.26,-0.21,-0.02,-0.08,89.0,59.17,-31847.83,1532779.83,True,17
691,Calvert-Lewin,FWD,30,0,0.0,0.0,7.75,10.18,21.74,3.37,0.35,0.02,1.33,-0.18,-0.02,0.01,89.0,58.67,-86237.17,1441180.5,False,8
691,Calvert-Lewin,FWD,31,2,0.17,0.0,8.09,9.59,24.1,4.21,0.42,0.01,1.35,-0.25,-0.01,-0.17,89.0,58.17,-116531.33,1320402.5,True,5
691,Calvert-Lewin,FWD,32,2,0.33,0.0,8.83,9.23,30.33,5.0,0.44,0.01,1.13,-0.27,-0.01,-0.46,90.0,57.5,-90856.83,1216620.17,False,14
691,Calvert-Lewin,FWD,33,6,0.33,0.0,4.67,9.47,37.33,5.0,0.6,0.01,1.13,-0.6,-0.01,-0.46,90.0,57.0,-42520.0,1170362.0,True,20
691,Calvert-Lewin,FWD,33,2,0.5,0.0,7.33,4.67,38.83,4.33,0.72,0.01,0.98,-0.56,-0.01,-0.48,90.0,56.67,48228.33,1277293.5,False,4
691,Calvert-Lewin,FWD,35,6,0.5,0.0,8.33,3.4,35.5,5.33,0.59,0.0,0.89,-0.43,-0.0,-0.22,90.0,56.33,134560.67,1401275.33,True,3
691,Calvert-Lewin,FWD,36,7,0.5,0.17,12.0,3.3,40.67,5.0,0.66,0.01,0.8,-0.32,-0.01,-0.14,90.0,56.33,183380.0,1487179.33,False,18
691,Calvert-Lewin,FWD,37,7,0.33,0.17,14.5,5.78,37.33,4.33,0.64,0.01,0.9,-0.13,-0.01,-0.07,90.0,56.5,200392.83,1588759.17,True,6
691,Calvert-Lewin,FWD,38,2,0.33,0.33,18.5,5.88,34.33,3.83,0.62,0.01,1.34,0.04,-0.01,-0.5,90.0,56.83,210805.67,1712182.83,False,19
714,Woltemade,FWD,7,6,1.27,0.0,29.15,8.24,30.85,4.23,0.24,0.02,1.01,0.61,-0.02,-1.01,71.0,70.33,116710.67,301186.67,True,16
714,Woltemade,FWD,8,8,1.19,0.0,25.84,10.63,30.89,4.75,0.57,0.04,0.8,0.32,-0.04,-0.8,75.75,70.5,187216.75,430788.5,False,6
714,Woltemade,FWD,9,2,0.92,0.0,26.56,8.77,32.29,4.81,0.6,0.05,0.82,0.31,-0.05,-0.37,78.6,71.0,314889.8,678114.0,True,10
714,Woltemade,FWD,10,1,0.75,0.0,22.59,9.51,29.37,4.71,0.57,0.04,0.97,0.18,-0.04,-0.4,79.67,71.5,419128.67,1002738.0,False,19
714,Woltemade,FWD,11,5,0.59,0.0,15.88,9.71,21.96,3.73,0.54,0.05,0.97,0.05,-0.05,0.01,76.5,72.33,487320.0,1508794.17,False,5
714,Woltemade,FWD,12,2,0.39,0.0,17.77,9.12,21.63,4.06,0.53,0.04,1.39,0.05,0.15,0.16,77.67,73.17,388406.67,1903531.5,True,13
714,Woltemade,FWD,13,7,0.19,0.0,13.2,10.26,23.99,4.28,0.57,0.04,1.48,-0.2,0.15,0.19,80.67,73.67,326394.83,2232558.0,False,9
714,Woltemade,FWD,14,5,0.0,0.0,16.02,9.73,23.66,3.91,0.43,0.04,1.6,-0.06,0.14,0.26,80.5,74.17,252623.5,2479785.83,True,18
714,Woltemade,FWD,15,2,0.0,0.0,14.16,15.56,21.8,4.84,0.34,0.04,1.57,-0.16,0.33,0.29,80.5,74.33,138789.0,2628144.5,True,3
714,Woltemade,FWD,16,0,0.19,0.0,14.9,14.6,20.45,4.78,0.32,0.04,1.43,-0.13,0.34,0.29,78.5,74.5,53628.83,2701688.5,False,17
714,Woltemade,FWD,17,13,0.18,0.0,13.32,12.46,19.62,4.68,0.3,0.03,1.35,-0.12,0.33,0.09,83.33,74.5,-68530.0,2628167.33,True,7
714,Woltemade,FWD,18,2,0.19,0.0,20.91,12.85,29.69,4.48,0.53,0.03,1.1,0.03,0.16,0.21,80.33,74.17,-118513.83,2512477.17,False,14
714,Woltemade,FWD,19,1,0.19,0.0,20.9,11.75,25.35,4.26,0.43,0.03,0.82,0.15,0.16,0.54,77.5,74.0,-20307.33,2509426.0,False,3
714,Woltemade,FWD,20,1,0.23,0.0,17.95,11.17,24.25,4.43,0.38,0.01,0.8,0.08,0.22,0.6,64.33,74.0,1461.17,2541636.33,True,8
714,Woltemade,FWD,21,5,0.29,0.0,18.7,4.21,24.25,3.21,0.4,0.01,0.8,0.18,-0.01,0.37,51.33,74.0,-49893.0,2493867.17,True,11
714,Woltemade,FWD,22,2,0.0,0.0,23.59,10.28,28.83,4.08,0.39,0.1,1.13,0.19,0.2,0.61,51.5,73.67,-153251.33,2331344.33,False,20
714,Woltemade,FWD,23,1,0.3,0.0,26.31,9.9,30.8,4.78,0.44,0.1,1.16,0.16,0.2,0.33,50.17,73.33,-134270.33,2211111.0,True,2
714,Woltemade,FWD,32,1,0.31,0.0,13.92,12.74,4.33,7.11,0.06,0.03,1.39,-0.06,0.28,0.46,48.5,68.33,-84325.67,1021944.67,False,8
720,Tolu,FWD,7,1,0.0,0.0,8.39,8.33,28.51,5.59,0.12,0.02,1.06,-0.12,-0.02,1.74,53.67,55.0,2426.0,6886.0,True,6
720,Tolu,FWD,21,2,0.31,0.0,18.25,17.32,33.4,4.33,0.27,0.03,1.18,0.04,0.28,0.98,48.5,54.0,542.17,7448.67,False,9
720,Tolu,FWD,22,2,0.25,0.0,16.0,19.0,32.25,5.0,0.26,0.04,0.94,-0.01,0.21,0.81,60.0,54.0,657.83,8208.5,True,15
720,Tolu,FWD,23,1,0.45,0.0,9.16,16.86,23.9,4.69,0.22,0.03,0.85,-0.22,0.19,0.26,67.17,54.0,544.5,8853.5,False,13
720,Tolu,FWD,24,2,0.44,0.0,8.72,16.3,23.54,4.36,0.22,0.04,0.8,-0.22,0.17,0.07,68.83,54.0,325.83,9231.67,True,4
720,Tolu,FWD,25,8,0.44,0.0,7.19,12.25,32.03,4.36,0.29,0.05,0.76,-0.29,-0.05,0.11,68.83,54.0,374.33,9708.5,True,7
720,Tolu,FWD,26,2,0.41,0.0,11.86,7.16,39.68,3.48,0.35,0.03,1.3,-0.15,-0.03,-0.08,73.33,54.0,170.17,9897.33,False,16
720,Tolu,FWD,26,2,0.41,0.0,11.17,9.93,35.15,3.05,0.33,0.03,1.77,-0.12,-0.03,-0.55,73.83,54.0,4601.17,16450.83,True,1
720,Tolu,FWD,27,0,0.43,0.0,11.33,5.64,32.92,2.35,0.31,0.02,1.82,-0.09,-0.02,-0.53,70.17,54.0,9299.83,22942.0,False,8
720,Tolu,FWD,28,1,0.2,0.0,9.46,5.26,43.29,3.62,0.51,0.02,2.04,-0.3,-0.02,-0.63,74.5,54.0,8169.83,26369.17,True,2
720,Tolu,FWD,29,4,0.21,0.0,10.3,7.33,42.63,3.91,0.5,0.01,2.15,-0.29,-0.01,-0.71,72.83,54.0,7367.33,28998.83,True,12
720,Tolu,FWD,30,5,0.24,0.0,15.52,10.0,33.66,4.54,0.42,0.01,2.33,-0.19,0.23,-0.89,62.83,54.0,6617.67,30875.67,False,5
720,Tolu,FWD,32,1,0.3,0.0,17.52,12.33,34.75,6.53,0.54,0.02,1.91,-0.25,0.28,-1.02,50.5,54.0,6398.67,32571.33,False,19
726,Kolo Muani,FWD,11,1,0.62,0.0,10.62,13.5,3.75,5.62,0.08,0.02,2.16,-0.08,-0.02,-1.54,48.0,69.0,413.67,21480.33,True,14
726,Kolo Muani,FWD,12,1,0.48,0.0,9.05,10.86,3.81,5.71,0.06,0.02,1.78,-0.06,-0.02,-0.83,47.25,69.0,1615.5,24217.5,False,1
726,Kolo Muani,FWD,14,2,0.3,0.3,3.56,8.88,10.4,5.35,0.16,0.02,1.49,-0.16,-0.02,0.0,50.5,69.0,3422.0,30511.17,False,15
726,Kolo Muani,FWD,15,2,0.24,0.24,5.38,10.05,9.54,5.62,0.1,0.03,1.49,-0.1,-0.03,-0.02,61.33,69.0,3463.0,35560.67,True,5
726,Kolo Muani,FWD,16,2,0.24,0.24,3.32,10.4,17.53,5.21,0.12,0.03,1.21,-0.12,-0.03,0.21,63.33,69.0,3335.17,40447.67,False,16
726,Kolo Muani,FWD,17,2,0.23,0.23,3.49,11.6,18.14,5.81,0.12,0.05,1.15,-0.12,-0.05,0.71,64.5,69.0,2432.5,44251.83,True,12
726,Kolo Muani,FWD,18,2,0.21,0.21,4.06,12.83,23.3,5.13,0.22,0.05,1.14,-0.22,-0.05,0.78,70.17,69.0,941.17,46379.0,False,8
726,Kolo Muani,FWD,19,1,0.39,0.2,4.12,13.92,22.16,5.29,0.21,0.09,1.05,-0.21,-0.09,0.52,76.5,69.0,1289.5,48874.83,False,5
726,Kolo Muani,FWD,20,2,0.46,0.0,8.04,17.17,20.2,5.97,0.15,0.11,1.17,-0.15,-0.11,0.21,65.33,69.0,-2091.5,46511.33,True,17
726,Kolo Muani,FWD,21,1,0.47,0.0,7.44,19.7,21.4,5.81,0.18,0.13,1.01,-0.18,-0.13,0.38,64.5,69.0,-1935.67,45566.83,False,4
726,Kolo Muani,FWD,22,2,0.24,0.24,7.82,19.66,14.45,5.68,0.15,0.13,1.22,-0.15,-0.13,0.68,63.33,69.0,-2188.67,44185.5,True,19
726,Kolo Muani,FWD,24,2,0.23,0.23,7.14,20.16,15.42,5.29,0.15,0.15,1.32,-0.15,-0.15,0.29,65.17,69.0,-705.33,44418.0,True,13
726,Kolo Muani,FWD,25,1,0.24,0.24,6.89,18.24,10.45,6.17,0.03,0.16,1.45,-0.03,-0.16,0.21,63.17,69.0,-1163.67,44396.17,False,14
726,Kolo Muani,FWD,26,1,0.0,0.28,7.71,18.03,11.01,6.33,0.03,0.12,1.65,-0.03,-0.12,0.56,54.5,69.0,-976.17,44512.33,True,15
726,Kolo Muani,FWD,27,7,0.0,0.28,8.06,19.53,11.11,6.94,0.03,0.16,1.61,-0.03,-0.16,0.61,54.0,69.0,-929.83,44650.0,True,1
726,Kolo Muani,FWD,28,1,0.0,0.28,14.34,17.04,13.22,7.31,0.07,0.13,2.01,0.21,-0.13,0.8,53.33,69.0,-1008.67,44703.0,False,10
726,Kolo Muani,FWD,29,1,0.0,0.0,15.63,17.13,17.07,7.23,0.1,0.13,2.22,0.19,-0.13,0.67,51.83,69.0,-143.17,45700.5,True,8
726,Kolo Muani,FWD,33,1,0.0,0.0,15.92,18.55,15.92,7.35,0.13,0.07,2.04,0.18,0.24,0.41,49.0,69.0,577.33,49417.0,True,6
726,Kolo Muani,FWD,34,1,0.0,0.0,8.27,16.22,13.67,7.0,0.08,0.08,1.68,-0.08,0.24,0.23,47.17,69.0,688.83,50552.5,False,20
726,Kolo Muani,FWD,35,1,0.0,0.0,8.3,14.88,9.96,7.97,0.07,0.08,1.34,-0.07,0.26,-0.01,45.17,69.0,908.17,52568.83,False,2
726,Kolo Muani,FWD,36,2,0.31,0.31,10.37,16.69,21.97,7.63,0.13,0.08,0.97,-0.13,0.22,-0.05,49.17,69.0,453.83,53431.17,True,11
726,Kolo Muani,FWD,37,2,0.24,0.24,4.38,13.94,18.97,5.59,0.1,0.08,0.91,-0.1,-0.08,0.06,61.67,69.0,933.33,54767.17,False,7
726,Kolo Muani,FWD,38,1,0.22,0.22,5.42,12.32,16.7,5.2,0.07,0.07,0.81,-0.07,-0.07,0.27,69.17,69.0,118.0,53833.67,True,9
730,Brobbey,FWD,18,2,0.94,0.31,16.88,2.09,22.81,4.38,0.17,0.02,1.4,0.14,-0.02,-0.78,48.0,55.0,4018.17,26473.0,True,11
730,Brobbey,FWD,19,1,0.82,0.27,13.4,2.22,22.43,2.46,0.26,0.01,1.37,0.01,-0.01,-0.82,54.83,55.0,3030.17,30042.17,True,13
730,Brobbey,FWD,20,9,0.75,0.25,4.76,5.04,17.3,2.01,0.27,0.02,1.46,-0.27,-0.02,-0.96,59.83,55.0,2502.67,32856.5,False,18
730,Brobbey,FWD,21,2,0.46,0.23,10.67,7.24,21.57,2.55,0.28,0.02,1.44,-0.05,-0.02,-0.74,64.67,55.0,1316.83,34478.33,False,5
730,Brobbey,FWD,22,9,0.41,0.2,9.53,6.59,22.7,2.64,0.3,0.02,1.62,-0.09,-0.02,-0.61,74.0,55.0,2424.33,37353.33,True,8
730,Brobbey,FWD,23,7,0.2,0.0,16.51,8.06,26.72,3.14,0.32,0.02,1.67,0.07,-0.02,-0.49,76.33,55.0,3069.17,40828.5,False,19
730,Brobbey,FWD,24,2,0.0,0.0,20.38,7.92,23.02,2.45,0.3,0.02,1.79,0.27,-0.02,-0.09,79.5,55.0,13138.33,54933.5,True,3
730,Brobbey,FWD,25,1,0.18,0.0,20.8,9.64,24.29,2.76,0.25,0.02,1.4,0.3,-0.02,0.07,81.5,55.17,28273.5,85539.83,False,1
730,Brobbey,FWD,26,2,0.17,0.17,19.88,8.97,20.41,3.49,0.21,0.02,1.3,0.32,-0.02,0.44,86.0,55.33,24126.83,109785.17,True,12
730,Brobbey,FWD,27,1,0.17,0.17,14.65,7.06,18.49,3.66,0.2,0.03,1.54,0.15,-0.03,0.21,86.0,55.33,21757.33,131781.0,True,10
730,Brobbey,FWD,30,2,0.18,0.36,15.27,9.0,16.55,3.45,0.16,0.05,1.28,0.2,-0.05,0.36,82.5,55.33,20264.33,152684.83,True,6
730,Brobbey,FWD,31,8,0.18,0.37,8.28,9.64,13.99,2.94,0.15,0.04,1.49,0.03,-0.04,0.17,81.5,55.17,16388.83,157001.17,False,15
730,Brobbey,FWD,32,1,0.18,0.55,7.91,13.31,27.06,3.5,0.29,0.05,1.44,-0.1,-0.05,-0.15,81.5,54.83,5119.5,148789.33,True,18
730,Brobbey,FWD,33,2,0.18,0.72,6.12,11.14,30.6,3.78,0.37,0.05,1.55,-0.19,-0.05,-0.29,83.33,54.33,-8445.83,126428.0,False,2
730,Brobbey,FWD,34,2,0.18,0.54,7.03,9.4,32.65,2.89,0.37,0.04,1.79,-0.19,-0.04,-0.34,83.17,53.83,-4700.83,109464.0,True,16
730,Brobbey,FWD,35,1,0.18,0.54,7.21,12.16,31.74,2.34,0.35,0.03,1.53,-0.17,-0.03,0.63,83.17,53.5,10854.5,121005.17,False,20
730,Brobbey,FWD,36,2,0.18,0.54,7.19,12.18,32.16,2.51,0.36,0.02,1.49,-0.18,-0.02,0.48,83.5,53.17,9718.5,118229.17,True,14
730,Brobbey,FWD,37,7,0.35,0.53,7.35,15.46,38.17,2.8,0.36,0.04,1.27,-0.18,-0.04,0.48,85.67,53.0,8503.17,126774.0,False,9
730,Brobbey,FWD,38,5,0.36,0.36,7.92,12.17,26.46,2.88,0.24,0.04,1.18,-0.06,-0.04,0.62,83.33,53.0,7420.5,134993.33,True,7
749,Mané,FWD,21,9,0.29,0.0,24.36,15.62,16.34,7.74,0.04,0.09,1.19,0.24,0.48,0.53,52.33,45.0,3451.17,15196.67,False,9
749,Mané,FWD,22,2,0.23,0.0,25.78,15.84,17.81,6.09,0.12,0.08,0.95,0.35,0.38,0.45,64.0,45.0,11092.67,27162.0,True,15
749,Mané,FWD,23,2,0.38,0.0,18.77,11.91,18.57,5.55,0.11,0.08,0.94,0.27,0.11,0.02,78.33,45.0,17672.17,45778.83,False,13
749,Mané,FWD,24,2,0.34,0.0,17.5,11.02,17.33,5.21,0.12,0.08,0.89,0.22,0.09,0.12,89.17,45.0,21934.33,68532.17,True,4
749,Mané,FWD,25,2,0.34,0.0,20.19,16.59,17.5,5.89,0.13,0.15,0.86,0.2,0.01,0.15,89.17,45.17,38206.83,108205.0,True,7
749,Mané,FWD,26,2,0.34,0.0,20.36,19.5,17.83,6.22,0.15,0.16,1.29,0.19,0.01,0.05,89.17,45.33,39536.0,148301.67,False,16
749,Mané,FWD,26,2,0.33,0.0,14.67,19.83,19.17,6.17,0.18,0.16,1.67,-0.01,-0.16,-0.34,90.0,45.5,60361.67,214599.0,True,1
749,Mané,FWD,27,2,0.33,0.0,10.33,17.9,16.0,7.0,0.12,0.16,1.83,-0.12,-0.16,-0.34,90.0,45.67,74768.67,272730.0,False,8
749,Mané,FWD,28,2,0.17,0.0,11.83,20.32,13.17,8.17,0.1,0.17,2.01,-0.1,-0.17,-0.34,90.0,45.83,62824.5,314045.5,True,2
749,Mané,FWD,29,2,0.33,0.0,10.5,16.85,12.67,8.33,0.1,0.14,2.04,-0.1,-0.14,-0.71,90.0,46.0,51427.67,343863.33,True,12
749,Mané,FWD,30,1,0.52,0.0,8.5,11.77,10.23,8.15,0.07,0.07,2.09,-0.07,-0.07,-1.05,86.5,46.0,27565.33,349191.5,False,5
749,Mané,FWD,32,1,0.57,0.0,7.78,11.53,9.68,7.78,0.06,0.07,2.08,-0.06,-0.07,-1.13,79.0,45.83,20944.5,348789.83,False,19
749,Mané,FWD,33,1,0.44,0.0,6.32,12.88,3.49,6.54,0.03,0.08,2.12,-0.03,-0.08,-0.37,68.83,45.5,-4664.83,310842.0,False,11
749,Mané,FWD,34,2,0.48,0.0,6.48,16.94,5.76,6.72,0.06,0.09,2.14,-0.06,-0.09,-0.46,62.5,45.0,-31497.5,265205.0,True,18
749,Mané,FWD,35,2,0.48,0.0,7.2,23.59,6.48,5.28,0.08,0.11,1.88,-0.08,-0.11,-0.2,62.5,44.5,-25735.83,252079.0,True,17
749,Mané,FWD,36,2,0.24,0.0,9.6,28.99,7.68,5.76,0.08,0.15,1.79,-0.08,-0.15,0.13,62.5,44.0,-21844.5,223761.33,False,6
749,Mané,FWD,37,11,0.0,0.0,11.85,32.37,11.85,5.32,0.09,0.24,1.8,-0.09,-0.24,0.62,62.0,43.33,-14286.67,203231.33,True,10
749,Mané,FWD,38,2,0.0,0.0,18.56,34.55,13.81,7.34,0.1,0.29,1.44,0.11,-0.29,0.5,69.5,42.83,-9499.33,187100.83,False,3
785,Pablo,FWD,24,2,0.0,0.0,2.59,14.48,10.86,6.72,0.18,0.02,1.4,-0.18,-0.02,0.15,58.0,55.0,518.33,1535.0,False,7
785,Pablo,FWD,25,1,0.0,0.0,5.27,15.18,7.91,8.66,0.13,0.03,1.37,-0.13,-0.03,0.14,59.75,55.0,360.75,1579.0,False,3
785,Pablo,FWD,30,2,0.0,0.0,7.56,19.22,7.56,9.0,0.12,0.03,1.35,-0.12,-0.03,0.09,50.0,55.0,385.6,1727.0,True,13
785,Pablo,FWD,31,2,0.0,0.0,8.34,15.87,6.61,8.34,0.1,0.02,1.25,-0.1,-0.02,0.19,52.17,54.83,310.17,1620.67,False,2
785,Pablo,FWD,32,5,0.0,0.0,8.38,12.88,6.7,8.62,0.12,0.01,1.23,-0.12,-0.01,0.21,62.67,54.67,82.83,1559.17,True,20
785,Pablo,FWD,33,2,0.24,0.0,12.96,17.21,9.12,9.36,0.1,0.08,1.04,-0.1,0.16,0.16,62.5,54.5,162.5,1590.67,False,8
785,Pablo,FWD,34,2,0.47,0.0,14.92,17.1,11.13,9.0,0.08,0.08,1.04,-0.08,0.16,-0.09,63.33,54.33,100.17,1542.83,True,9
785,Pablo,FWD,35,2,0.68,0.0,12.99,14.29,10.71,7.06,0.08,0.07,1.09,-0.08,0.16,-0.4,65.83,54.17,275.83,1789.33,False,5
785,Pablo,FWD,36,1,0.57,0.0,11.96,15.61,13.29,7.41,0.09,0.06,1.32,-0.09,0.13,-0.18,79.0,54.0,176.67,1797.17,True,1
785,Pablo,FWD,37,1,0.62,0.0,12.65,19.43,14.93,7.47,0.1,0.18,1.39,-0.1,0.03,-0.14,72.33,54.0,150.67,1974.5,False,15
785,Pablo,FWD,38,1,0.73,0.0,14.31,23.97,15.28,8.01,0.07,0.22,1.39,-0.07,0.02,-0.18,61.83,54.0,148.5,2142.17,True,11
791,Taty,FWD,24,2,0.0,0.71,3.9,15.98,36.14,4.61,0.48,0.01,1.19,-0.48,0.34,0.23,84.67,55.0,1598.33,2581.33,False,7
791,Taty,FWD,25,6,0.0,0.55,6.57,12.78,41.58,4.92,0.43,0.01,1.43,-0.43,0.26,0.22,82.25,55.0,1275.75,3258.5,False,3
791,Taty,FWD,26,2,0.22,0.44,11.5,10.86,37.81,4.86,0.4,0.05,1.42,-0.18,0.17,-0.1,81.4,55.0,2868.0,5707.4,True,14
791,Taty,FWD,27,2,0.38,0.38,10.23,9.4,32.78,4.74,0.34,0.04,1.27,-0.15,0.15,-0.13,79.17,55.0,2349.5,7161.0,True,4
791,Taty,FWD,28,7,0.57,0.38,11.37,8.47,28.61,4.93,0.32,0.08,1.13,-0.13,0.11,-0.37,79.17,55.0,2432.33,9696.17,False,12
791,Taty,FWD,29,2,0.57,0.19,18.38,9.91,30.51,5.31,0.24,0.09,1.21,0.14,0.1,0.31,79.17,55.0,1862.5,11623.67,False,10
791,Taty,FWD,30,2,0.74,0.0,17.15,13.52,27.48,4.06,0.21,0.09,1.23,0.16,-0.09,0.06,81.33,55.0,1511.67,13229.5,True,13
791,Taty,FWD,31,1,0.74,0.0,15.34,13.68,19.03,3.51,0.17,0.09,1.07,0.2,-0.09,0.04,81.17,55.0,1396.0,14733.33,False,2
791,Taty,FWD,32,11,0.59,0.0,10.9,14.63,17.44,3.37,0.16,0.06,1.13,0.04,-0.06,0.26,75.67,55.0,-109.33,14359.17,True,20
791,Taty,FWD,33,2,0.58,0.19,20.81,19.02,27.17,3.66,0.29,0.08,1.14,0.29,-0.08,0.21,77.83,55.0,-18.33,14490.83,False,8
791,Taty,FWD,34,1,0.59,0.2,21.72,16.73,29.74,3.72,0.3,0.04,1.15,0.29,-0.04,0.22,76.67,55.0,157.83,14598.33,True,9
791,Taty,FWD,35,1,0.8,0.4,17.08,13.6,30.13,4.22,0.3,0.03,1.08,0.1,-0.03,-0.68,74.67,55.0,3568.67,20996.0,False,5
791,Taty,FWD,36,1,0.64,0.64,15.25,11.08,34.52,4.87,0.37,0.06,1.41,0.05,-0.06,-0.56,70.83,55.0,2492.67,23529.17,True,1
791,Taty,FWD,37,6,0.86,0.86,15.76,11.07,39.06,5.4,0.42,0.06,1.4,0.01,-0.06,-0.75,69.5,55.0,1461.33,25015.5,False,15
791,Taty,FWD,38,8,0.83,0.83,20.85,10.57,56.15,5.78,0.48,0.06,1.29,0.14,-0.06,-0.67,72.67,55.0,1196.33,26486.67,True,11
817,Armstrong,FWD,27,2,0.33,0.33,8.67,11.17,2.33,2.0,0.01,0.12,2.62,-0.01,0.21,-0.95,90.0,55.0,7987.33,11828.67,False,8
817,Armstrong,FWD,28,4,0.54,0.27,9.49,13.39,2.44,2.98,0.05,0.15,2.37,-0.05,0.12,-1.01,83.0,55.0,5356.25,11302.25,True,2
817,Armstrong,FWD,29,1,0.64,0.43,11.52,12.84,2.35,3.63,0.04,0.12,2.04,-0.04,0.3,-0.97,84.4,54.8,3984.0,10707.0,True,12
817,Armstrong,FWD,30,5,0.56,0.37,11.04,11.38,2.43,4.12,0.03,0.11,2.01,-0.03,0.27,-1.07,80.17,54.67,3211.17,10209.67,False,5
817,Armstrong,FWD,32,2,0.57,0.38,12.26,9.79,5.66,4.53,0.12,0.05,1.85,0.07,0.14,-1.09,79.5,54.33,3012.5,11311.67,False,19
817,Armstrong,FWD,33,2,0.39,0.39,12.21,6.12,11.42,3.74,0.16,0.05,1.75,0.04,0.15,-0.37,76.17,53.83,1228.17,9660.5,False,11
817,Armstrong,FWD,34,2,0.39,0.39,12.6,7.21,13.98,3.74,0.19,0.06,1.94,0.01,0.14,-0.36,76.17,53.33,-806.83,7875.83,True,18
817,Armstrong,FWD,35,2,0.19,0.37,11.13,4.03,18.37,2.97,0.2,0.02,1.83,-0.01,0.17,-0.16,80.83,52.83,104.0,8885.0,True,17
817,Armstrong,FWD,36,2,0.0,0.19,9.28,4.49,26.16,2.41,0.26,0.05,1.8,-0.07,-0.05,0.05,80.83,52.5,216.5,9050.83,False,6
817,Armstrong,FWD,37,2,0.0,0.17,8.37,4.17,25.29,1.92,0.24,0.05,1.77,-0.07,-0.05,0.49,86.0,52.17,127.5,9116.5,True,10
817,Armstrong,FWD,38,7,0.0,0.0,5.57,3.92,23.35,2.16,0.24,0.04,1.64,-0.24,-0.04,0.51,83.5,52.0,29.67,9070.33,False,3
