element,name,pos,round,total_points,roll_clean_sheets_p90,roll_yellow_cards_p90,roll_saves_p90,roll_bps_p90,roll_expected_goals_conceded_p90,roll_goal_conceded_overperf_p90,roll_minutes,roll_value,roll_transfers_balance,roll_selected,was_home,opponent_team
1,Raya,GK,4,6,0.67,0.33,3.33,26.0,0.74,-0.4,90.0,55.0,68782.67,2074503.0,True,16
1,Raya,GK,5,2,0.75,0.25,2.75,25.5,0.6,-0.35,90.0,55.0,94409.25,2247317.0,True,13
1,Raya,GK,6,2,0.6,0.2,2.6,23.0,0.66,-0.26,90.0,55.0,73570.2,2350380.0,False,15
1,Raya,GK,7,6,0.5,0.17,2.5,21.0,0.65,-0.15,90.0,55.17,99183.67,2463592.33,True,19
1,Raya,GK,8,6,0.5,0.0,1.33,18.0,0.48,0.02,90.0,55.33,134569.5,2757913.5,False,10
1,Raya,GK,9,6,0.5,0.0,1.17,16.83,0.52,-0.03,90.0,55.67,118206.67,2951739.5,True,8
1,Raya,GK,10,6,0.67,0.0,1.0,19.0,0.52,-0.18,90.0,56.0,133909.33,3141636.33,False,3
1,Raya,GK,11,1,0.67,0.0,0.83,18.33,0.55,-0.22,90.0,56.5,143302.5,3316842.5,False,17
1,Raya,GK,12,2,0.67,0.0,0.5,15.83,0.48,0.02,90.0,57.17,175005.17,3527108.67,True,18
1,Raya,GK,13,3,0.67,0.0,0.33,15.0,0.39,0.11,90.0,57.67,137639.17,3691092.33,False,7
1,Raya,GK,14,6,0.5,0.0,0.83,13.67,0.44,0.23,90.0,58.17,96035.0,3782137.83,True,5
1,Raya,GK,15,2,0.5,0.0,1.0,14.5,0.42,0.24,90.0,58.5,88711.67,3892397.0,False,2
1,Raya,GK,16,2,0.33,0.0,1.5,12.5,0.7,0.29,90.0,58.83,95839.33,4004861.67,True,20
1,Raya,GK,17,7,0.17,0.0,1.67,10.5,0.7,0.47,90.0,59.17,119816.0,4146836.67,False,9
1,Raya,GK,18,2,0.33,0.0,1.83,15.5,0.66,0.17,90.0,59.33,85824.17,4244278.83,True,6
1,Raya,GK,19,2,0.33,0.0,2.0,16.33,0.79,0.04,90.0,59.5,83579.5,4337512.0,True,2
1,Raya,GK,20,1,0.33,0.0,1.83,16.33,1.1,-0.27,90.0,59.67,78564.17,4435407.67,False,4
1,Raya,GK,21,6,0.17,0.0,1.83,12.5,1.28,-0.12,90.0,59.83,49741.0,4495384.67,True,12
1,Raya,GK,22,6,0.33,0.0,1.17,13.5,0.98,-0.15,90.0,60.0,-692.83,4506710.0,False,16
1,Raya,GK,23,1,0.5,0.0,1.0,16.0,0.97,-0.31,90.0,59.83,-64737.33,4446848.0,True,14
1,Raya,GK,24,6,0.33,0.0,0.83,10.83,1.06,0.11,90.0,59.67,-67938.83,4390076.33,False,11
1,Raya,GK,25,7,0.5,0.0,0.67,13.0,0.94,0.06,90.0,59.5,-69379.5,4338332.67,True,17
1,Raya,GK,26,2,0.67,0.0,0.67,16.0,0.53,0.3,90.0,59.33,-44214.0,4327770.83,False,5
1,Raya,GK,26,1,0.67,0.0,0.83,17.67,0.54,0.12,90.0,59.17,4323.83,4345727.83,False,20
1,Raya,GK,27,3,0.5,0.0,0.83,14.0,0.53,0.47,90.0,59.0,66450.83,4393671.83,False,18
1,Raya,GK,28,3,0.33,0.0,1.5,13.17,0.6,0.56,90.0,59.17,57675.67,4424423.83,True,7
1,Raya,GK,29,7,0.33,0.0,2.17,15.67,0.66,0.17,90.0,59.33,52376.83,4449714.67,False,6
1,Raya,GK,30,7,0.33,0.0,2.33,15.83,0.77,0.06,90.0,59.5,55331.33,4478346.83,True,9
1,Raya,GK,32,1,0.33,0.0,2.5,15.5,0.91,-0.08,90.0,59.67,53941.83,4504629.33,True,4
1,Raya,GK,33,1,0.33,0.0,2.33,14.67,0.86,0.14,90.0,59.83,14561.0,4481995.67,False,13
1,Raya,GK,34,10,0.33,0.0,2.67,16.5,1.04,-0.04,90.0,60.0,-38235.33,4408532.17,True,15
1,Raya,GK,35,6,0.5,0.0,2.5,18.67,1.08,-0.25,90.0,60.0,-10600.5,4464117.0,True,10
1,Raya,GK,36,9,0.67,0.0,2.0,20.33,0.96,-0.3,90.0,60.0,24879.33,4488973.0,False,19
1,Raya,GK,37,6,0.67,0.0,2.17,21.0,1.02,-0.35,90.0,60.17,35374.0,4521358.17,True,3
32,Martinez,GK,6,3,0.33,0.0,2.0,18.0,1.45,-0.78,90.0,50.0,15331.0,198861.33,True,10
32,Martinez,GK,7,1,0.25,0.0,2.25,16.75,1.32,-0.57,90.0,50.0,9411.75,212189.75,True,3
32,Martinez,GK,8,2,0.2,0.2,2.0,15.2,1.14,-0.34,90.0,50.0,8314.8,223160.6,False,18
32,Martinez,GK,9,8,0.17,0.17,2.0,14.33,1.07,-0.24,90.0,50.0,3769.17,227337.33,True,13
32,Martinez,GK,10,1,0.33,0.17,2.33,17.17,1.07,-0.4,90.0,50.0,150.17,246869.0,False,12
32,Martinez,GK,11,14,0.17,0.17,2.33,13.33,0.92,0.08,90.0,50.0,924.0,254466.83,True,4
32,Martinez,GK,12,3,0.33,0.17,2.33,17.33,1.01,-0.18,90.0,50.0,-4844.17,253165.67,False,11
32,Martinez,GK,13,7,0.33,0.17,2.33,17.67,1.16,-0.32,90.0,50.0,12110.17,275304.17,True,20
32,Martinez,GK,15,4,0.5,0.0,2.83,21.17,1.17,-0.5,90.0,50.0,21398.83,345315.67,True,1
32,Martinez,GK,17,3,0.5,0.0,3.67,23.0,1.36,-0.7,90.0,50.17,16079.5,370608.33,True,14
32,Martinez,GK,18,2,0.33,0.0,4.0,20.67,1.39,-0.56,90.0,50.33,7942.33,396236.67,False,7
32,Martinez,GK,19,1,0.33,0.0,4.0,21.67,1.55,-0.88,90.0,50.33,6437.17,420253.67,False,1
32,Martinez,GK,20,3,0.17,0.0,4.0,15.33,1.78,-0.45,90.0,50.33,6123.5,443870.0,True,16
32,Martinez,GK,21,1,0.17,0.0,4.17,16.0,1.64,-0.3,90.0,50.33,-2997.83,455537.5,False,8
32,Martinez,GK,28,1,0.33,0.17,3.17,20.17,1.16,-0.5,90.0,50.0,20135.17,461597.17,False,20
32,Martinez,GK,29,1,0.33,0.17,2.83,19.67,1.22,-0.39,90.0,50.17,30945.83,497173.5,True,7
32,Martinez,GK,30,2,0.17,0.17,2.83,15.5,1.46,0.04,90.0,50.33,28706.17,528291.0,False,14
32,Martinez,GK,31,6,0.17,0.17,3.33,15.33,1.58,0.26,90.0,50.5,20486.17,550757.17,True,19
32,Martinez,GK,33,2,0.33,0.17,2.33,15.33,1.39,0.27,90.0,50.67,27724.83,618971.0,True,17
32,Martinez,GK,34,3,0.17,0.0,2.5,12.0,1.6,0.57,90.0,50.83,17497.83,633215.33,False,10
32,Martinez,GK,35,2,0.17,0.0,2.83,13.83,1.57,0.6,90.0,51.0,3871.0,640224.67,True,18
32,Martinez,GK,36,6,0.17,0.0,3.33,14.5,1.59,0.58,90.0,51.0,-2194.67,638160.33,False,3
32,Martinez,GK,37,2,0.17,0.0,3.33,16.83,1.29,0.54,90.0,51.0,4395.33,645008.67,True,12
33,M.Bizot,GK,16,1,0.33,0.67,2.67,9.0,2.1,-0.1,90.0,44.33,-5388.67,59946.67,False,19
33,M.Bizot,GK,21,2,0.25,0.5,2.25,8.5,1.83,0.17,90.0,43.75,-4709.75,58622.5,False,8
67,Petrović,GK,4,2,0.67,0.33,2.67,18.33,0.95,0.38,90.0,45.0,14280.67,362403.67,True,6
67,Petrović,GK,5,6,0.5,0.25,2.25,15.0,0.87,0.38,90.0,45.0,34107.5,402631.5,True,15
67,Petrović,GK,6,3,0.6,0.2,2.0,16.4,0.72,0.28,90.0,45.0,31121.8,430646.2,False,11
67,Petrović,GK,7,3,0.5,0.17,2.67,16.67,0.91,0.26,90.0,45.0,45022.83,470782.17,True,10
67,Petrović,GK,8,2,0.5,0.17,2.17,17.17,0.69,-0.02,90.0,45.0,48407.67,537604.33,False,8
67,Petrović,GK,9,8,0.33,0.17,2.67,14.83,1.35,-0.19,90.0,45.0,43654.0,588066.83,True,16
67,Petrović,GK,10,2,0.33,0.0,3.17,16.33,1.38,-0.21,90.0,45.0,41744.0,637262.83,False,13
67,Petrović,GK,11,1,0.33,0.0,3.67,16.83,1.64,-0.15,90.0,45.0,24129.67,663472.0,False,2
67,Petrović,GK,12,1,0.17,0.0,4.17,13.67,1.9,0.26,90.0,45.0,22851.5,689746.5,True,19
67,Petrović,GK,13,2,0.17,0.0,3.17,10.5,1.71,0.46,90.0,45.0,9938.5,703811.5,False,17
67,Petrović,GK,14,2,0.17,0.0,3.17,9.17,1.77,0.73,90.0,45.0,4621.0,706113.83,True,9
67,Petrović,GK,15,7,0.17,0.0,2.83,9.33,1.27,0.89,90.0,45.0,2661.0,710777.83,True,7
67,Petrović,GK,16,1,0.17,0.0,2.83,9.33,1.37,0.8,90.0,45.0,-1346.5,709358.0,False,14
67,Petrović,GK,17,2,0.17,0.0,3.0,8.5,1.55,0.79,90.0,45.0,-3278.5,707114.0,True,3
67,Petrović,GK,18,-1,0.17,0.0,2.33,8.67,1.33,0.51,90.0,45.0,435.0,712910.0,False,5
67,Petrović,GK,19,1,0.17,0.0,3.0,7.83,1.83,0.34,90.0,45.0,-9498.17,698409.67,False,7
67,Petrović,GK,20,1,0.17,0.0,2.83,7.67,2.0,-0.0,90.0,45.0,-14089.0,684949.33,True,1
67,Petrović,GK,21,1,0.17,0.0,2.83,6.67,1.95,0.38,90.0,45.0,-18787.5,667211.33,True,18
67,Petrović,GK,22,2,0.0,0.0,2.5,2.33,2.0,0.66,90.0,45.0,-18194.5,651772.17,False,6
67,Petrović,GK,23,1,0.0,0.17,2.33,4.0,1.63,0.54,90.0,45.0,-18882.33,635727.0,True,12
67,Petrović,GK,24,10,0.0,0.17,2.67,4.67,1.72,0.61,90.0,45.0,-27600.5,605404.0,False,20
67,Petrović,GK,25,3,0.17,0.17,3.17,11.67,1.34,0.32,90.0,45.0,-25009.67,585348.17,True,2
67,Petrović,GK,26,3,0.17,0.17,3.33,13.0,1.03,0.47,90.0,45.0,-18377.17,572955.67,False,9
67,Petrović,GK,27,9,0.17,0.17,3.83,15.17,1.33,-0.16,90.0,45.0,-12043.17,561722.33,False,19
67,Petrović,GK,28,3,0.33,0.17,4.0,19.83,1.67,-0.84,90.0,45.0,-6461.0,556277.33,True,17
67,Petrović,GK,29,6,0.33,0.0,3.83,19.83,1.73,-0.9,90.0,45.0,5461.83,563379.0,True,5
67,Petrović,GK,30,6,0.5,0.0,3.83,22.83,1.64,-1.14,90.0,45.0,10446.5,574796.67,False,3
67,Petrović,GK,31,2,0.5,0.0,3.0,20.83,1.64,-1.14,90.0,45.0,20020.83,596012.33,True,14
67,Petrović,GK,32,2,0.5,0.0,3.17,20.83,1.87,-1.2,90.0,45.0,20815.67,618546.5,False,1
67,Petrović,GK,33,1,0.5,0.0,2.67,19.67,1.76,-1.1,90.0,45.17,21771.33,641479.5,False,15
67,Petrović,GK,33,1,0.33,0.17,2.5,14.83,1.48,-0.65,90.0,45.33,31153.33,684930.17,True,11
67,Petrović,GK,35,6,0.33,0.17,2.33,13.5,1.38,-0.39,90.0,45.5,34931.67,720272.83,True,8
67,Petrović,GK,36,6,0.33,0.17,2.17,13.0,1.47,-0.47,90.0,45.67,29832.5,730098.5,False,10
67,Petrović,GK,37,3,0.33,0.17,2.17,13.33,1.45,-0.46,90.0,45.83,20312.0,729709.5,True,13
67,Petrović,GK,38,3,0.33,0.17,2.0,13.5,1.44,-0.61,90.0,46.0,15716.83,724200.0,False,16
101,Kelleher,GK,4,2,0.33,0.33,1.67,9.0,1.53,0.14,90.0,45.0,-7997.0,1133622.33,True,7
101,Kelleher,GK,5,1,0.25,0.25,2.25,9.75,1.46,0.29,90.0,45.0,-30346.75,1119734.5,False,10
101,Kelleher,GK,6,8,0.2,0.2,2.2,8.0,1.37,0.63,90.0,45.0,-30801.4,1108163.8,True,14
101,Kelleher,GK,7,3,0.17,0.17,2.67,10.83,1.49,0.34,90.0,45.0,-37661.83,1088682.5,True,13
101,Kelleher,GK,8,6,0.17,0.17,2.83,12.5,1.32,0.18,90.0,45.0,-41550.17,1065890.0,False,19
101,Kelleher,GK,9,2,0.17,0.0,2.67,13.17,1.17,0.33,90.0,45.0,-33646.33,1045612.67,True,12
101,Kelleher,GK,10,1,0.17,0.0,3.0,14.5,1.3,0.2,90.0,45.0,-39516.83,1011773.67,False,8
101,Kelleher,GK,11,2,0.17,0.0,2.67,14.33,1.21,0.29,90.0,45.0,-24004.67,994834.17,True,15
101,Kelleher,GK,12,2,0.17,0.0,2.33,14.83,1.11,0.06,90.0,45.0,-21409.5,978174.83,False,6
101,Kelleher,GK,13,2,0.17,0.0,2.0,12.17,0.97,0.37,90.0,45.0,-11055.5,971694.0,True,3
101,Kelleher,GK,14,2,0.17,0.0,1.67,11.0,0.99,0.35,90.0,45.0,-5623.0,984365.33,False,1
101,Kelleher,GK,15,2,0.0,0.0,2.33,8.5,1.23,0.44,90.0,45.0,-8089.5,977862.17,False,18
101,Kelleher,GK,16,3,0.0,0.0,2.67,9.17,1.21,0.46,90.0,45.0,-6786.17,972621.0,True,11
101,Kelleher,GK,17,13,0.0,0.0,2.83,9.67,1.34,0.16,90.0,45.0,4352.0,981351.5,False,20
101,Kelleher,GK,18,4,0.17,0.0,3.17,14.67,1.48,-0.15,90.0,45.0,10827.0,996679.17,True,4
101,Kelleher,GK,19,6,0.17,0.0,4.0,17.33,1.74,-0.57,90.0,45.0,16719.17,1014563.67,True,18
101,Kelleher,GK,20,2,0.33,0.0,4.17,20.67,1.74,-0.75,90.0,45.0,17448.17,1018147.33,False,9
101,Kelleher,GK,21,13,0.33,0.0,4.0,20.83,1.59,-0.59,90.0,45.0,23753.0,1044639.67,True,17
101,Kelleher,GK,22,1,0.5,0.0,3.67,24.83,1.52,-0.85,90.0,45.0,33953.83,1081932.33,False,7
101,Kelleher,GK,23,1,0.5,0.0,3.17,22.5,1.53,-0.69,90.0,45.17,39649.17,1122300.33,True,16
101,Kelleher,GK,24,10,0.33,0.0,2.83,16.67,1.44,-0.28,90.0,45.33,40731.17,1163625.0,False,2
101,Kelleher,GK,25,1,0.5,0.0,2.33,18.67,1.39,-0.39,90.0,45.5,33340.5,1200231.33,False,15
101,Kelleher,GK,26,2,0.33,0.0,2.17,14.67,1.6,-0.26,90.0,45.67,36939.67,1241533.0,True,1
101,Kelleher,GK,27,2,0.33,0.0,1.67,13.83,1.56,-0.39,90.0,45.83,32382.33,1274466.17,True,6
101,Kelleher,GK,29,6,0.17,0.0,2.0,9.83,1.45,0.05,90.0,46.0,37290.5,1314504.33,False,4
101,Kelleher,GK,30,1,0.33,0.0,2.33,14.0,1.5,-0.34,90.0,46.17,20632.33,1355516.33,True,20
101,Kelleher,GK,31,9,0.33,0.0,2.67,15.5,1.61,-0.44,90.0,46.5,46448.17,1423587.5,False,11
101,Kelleher,GK,32,2,0.33,0.0,2.5,14.67,1.29,-0.13,90.0,46.83,57464.17,1511301.0,True,9
101,Kelleher,GK,33,6,0.33,0.0,3.0,16.5,1.17,-0.01,90.0,47.17,45750.83,1577680.5,True,10
101,Kelleher,GK,34,2,0.5,0.0,2.83,19.33,1.2,-0.2,90.0,47.5,40630.5,1621597.83,False,14
101,Kelleher,GK,35,8,0.5,0.0,2.5,18.5,1.23,-0.23,90.0,47.83,23296.5,1653581.5,True,19
101,Kelleher,GK,36,3,0.5,0.0,2.83,19.67,1.07,-0.07,90.0,48.0,19339.0,1675066.67,False,13
101,Kelleher,GK,37,2,0.5,0.0,3.67,21.5,1.33,-0.17,90.0,48.0,-21458.33,1652992.5,True,8
101,Kelleher,GK,38,6,0.33,0.0,3.5,17.0,1.53,-0.03,90.0,48.0,-24766.33,1621379.5,False,12
139,Verbruggen,GK,4,2,0.0,0.0,1.33,8.33,1.39,-0.06,90.0,45.0,-32817.0,756411.67,False,4
139,Verbruggen,GK,5,1,0.0,0.0,1.75,10.0,1.41,0.09,90.0,45.0,-41546.5,732687.5,True,18
139,Verbruggen,GK,6,2,0.0,0.0,1.8,9.2,1.37,0.23,90.0,45.0,-41962.8,711296.0,False,7
139,Verbruggen,GK,7,1,0.0,0.0,1.83,9.0,1.44,0.06,90.0,45.0,-44926.67,687431.0,False,20
139,Verbruggen,GK,8,2,0.0,0.0,2.17,9.5,1.41,0.09,90.0,44.83,-48879.17,650297.67,True,15
139,Verbruggen,GK,9,1,0.0,0.0,2.33,10.67,1.38,-0.05,90.0,44.67,-50514.67,605805.83,False,14
139,Verbruggen,GK,10,6,0.0,0.0,2.83,10.5,1.3,0.54,90.0,44.5,-40191.33,572813.5,True,11
139,Verbruggen,GK,11,6,0.17,0.0,2.67,13.0,1.14,0.36,90.0,44.33,-29291.83,547507.0,False,8
139,Verbruggen,GK,12,7,0.33,0.0,2.67,17.0,1.06,0.11,90.0,44.17,-23866.33,525881.17,True,5
139,Verbruggen,GK,13,7,0.33,0.17,2.83,19.17,1.08,0.09,90.0,44.0,-13220.67,515158.33,False,16
139,Verbruggen,GK,14,1,0.5,0.17,2.83,22.67,1.1,-0.1,90.0,44.0,-7789.67,508734.33,True,2
139,Verbruggen,GK,15,3,0.5,0.33,3.5,22.17,1.26,0.24,90.0,44.0,4855.83,516028.5,True,19
139,Verbruggen,GK,16,1,0.5,0.33,3.33,24.17,1.24,-0.24,90.0,44.0,19379.83,540124.67,False,12
139,Verbruggen,GK,17,11,0.33,0.33,3.33,21.0,1.47,-0.13,90.0,44.0,18927.83,558360.0,True,17
139,Verbruggen,GK,18,1,0.33,0.33,4.0,22.83,1.57,-0.24,90.0,44.0,27210.0,589452.17,False,1
139,Verbruggen,GK,19,1,0.33,0.33,4.33,21.5,1.77,-0.27,90.0,44.0,28424.67,616196.33,False,19
139,Verbruggen,GK,20,7,0.17,0.33,4.17,18.17,1.99,-0.16,90.0,44.0,33513.0,654959.0,True,3
139,Verbruggen,GK,21,3,0.33,0.17,3.5,22.17,1.64,-0.47,90.0,44.17,30815.0,687862.5,False,13
139,Verbruggen,GK,22,2,0.33,0.17,3.33,20.83,1.88,-0.71,90.0,44.33,16085.5,701544.5,True,4
139,Verbruggen,GK,23,1,0.33,0.17,3.17,20.5,1.78,-0.78,90.0,44.5,20805.83,725602.17,False,10
139,Verbruggen,GK,24,3,0.17,0.17,2.5,14.0,1.73,-0.4,90.0,44.67,13834.33,738389.67,True,9
139,Verbruggen,GK,25,3,0.17,0.0,2.17,14.33,1.42,-0.25,90.0,44.83,11916.33,754377.83,True,8
139,Verbruggen,GK,26,2,0.17,0.0,2.33,14.67,1.26,-0.26,90.0,45.0,3109.67,754889.67,False,2
139,Verbruggen,GK,27,7,0.0,0.0,2.33,10.83,1.34,-0.17,90.0,45.0,-6654.5,746510.67,False,5
139,Verbruggen,GK,28,3,0.17,0.0,2.5,13.17,1.18,-0.18,90.0,45.0,-5721.17,742082.17,True,16
139,Verbruggen,GK,29,2,0.17,0.0,2.83,14.0,1.11,-0.11,90.0,45.0,-9389.17,733455.33,True,1
139,Verbruggen,GK,30,7,0.17,0.0,2.67,14.5,1.01,-0.18,90.0,45.0,-10556.5,723384.33,False,17
139,Verbruggen,GK,31,3,0.33,0.0,2.67,17.0,0.96,-0.3,90.0,45.0,-9540.5,714599.67,True,12
139,Verbruggen,GK,32,9,0.33,0.0,2.83,17.5,0.94,-0.28,90.0,45.0,-6876.67,704104.17,False,3
139,Verbruggen,GK,33,2,0.5,0.0,3.17,21.83,0.97,-0.47,90.0,45.0,55101.17,761759.0,False,18
139,Verbruggen,GK,33,6,0.33,0.0,3.17,19.33,0.88,-0.05,90.0,45.0,81487.17,884613.17,True,7
139,Verbruggen,GK,35,2,0.5,0.0,2.67,20.67,0.79,-0.12,90.0,45.0,105573.67,1006795.17,False,15
139,Verbruggen,GK,36,6,0.5,0.0,3.17,20.0,1.24,-0.24,90.0,45.0,112468.0,1086836.5,True,20
139,Verbruggen,GK,37,2,0.5,0.0,2.83,18.83,1.17,-0.17,90.0,45.17,124782.83,1180132.5,False,11
139,Verbruggen,GK,38,2,0.5,0.0,2.33,16.67,1.06,-0.06,90.0,45.33,122853.67,1274093.0,True,14
182,Trafford,GK,38,2,0.33,0.0,3.67,20.67,1.32,0.01,90.0,50.0,4492.67,247830.67,True,2
220,Sánchez,GK,4,2,0.67,0.0,2.67,21.33,0.8,-0.47,90.0,50.0,13015.33,2654812.0,False,5
220,Sánchez,GK,5,-3,0.5,0.0,2.75,17.75,0.96,-0.21,90.0,50.0,-8443.25,2683759.5,False,14
220,Sánchez,GK,12,6,0.5,0.17,1.0,14.0,1.36,-0.36,90.0,48.67,-162254.83,1783324.67,False,3
220,Sánchez,GK,13,3,0.67,0.17,1.33,18.33,1.05,-0.55,90.0,48.5,-62342.83,1734162.5,True,1
220,Sánchez,GK,14,1,0.67,0.17,1.67,19.67,0.94,-0.44,90.0,48.33,-32038.33,1700326.33,False,11
220,Sánchez,GK,15,10,0.5,0.0,1.67,16.17,1.01,-0.01,90.0,48.17,-5709.17,1700262.0,False,4
220,Sánchez,GK,16,6,0.67,0.0,2.17,21.0,1.03,-0.36,90.0,48.0,-6312.83,1695009.0,True,9
220,Sánchez,GK,17,4,0.67,0.0,2.33,21.83,1.18,-0.52,90.0,48.17,29243.5,1733349.83,False,15
220,Sánchez,GK,18,3,0.5,0.17,2.83,22.0,1.54,-0.54,90.0,48.33,30267.33,1763696.5,True,2
220,Sánchez,GK,19,2,0.33,0.17,3.5,20.83,1.67,-0.33,90.0,48.5,26227.5,1783554.33,True,4
220,Sánchez,GK,21,2,0.33,0.17,3.67,20.5,1.98,-0.48,90.0,48.67,34390.33,1832619.5,False,10
220,Sánchez,GK,22,11,0.33,0.17,3.83,21.5,1.72,-0.38,90.0,48.83,5625.0,1829470.5,True,5
220,Sánchez,GK,23,3,0.33,0.17,4.0,21.67,1.73,-0.4,90.0,49.0,1525.67,1826715.17,False,8
220,Sánchez,GK,24,2,0.17,0.17,4.5,20.5,1.86,-0.36,90.0,49.0,-7443.0,1810122.67,True,19
220,Sánchez,GK,25,2,0.17,0.0,4.67,20.0,1.66,-0.16,90.0,49.0,7267.17,1813608.5,False,20
220,Sánchez,GK,26,1,0.17,0.0,4.0,19.17,1.64,-0.3,90.0,49.0,18401.17,1833818.0,True,11
220,Sánchez,GK,27,2,0.17,0.0,3.33,17.5,1.35,-0.02,90.0,49.0,14329.0,1838487.0,True,3
220,Sánchez,GK,28,2,0.17,0.17,3.33,17.67,1.29,-0.13,90.0,49.0,31101.5,1874059.83,False,1
220,Sánchez,GK,30,3,0.0,0.17,2.83,13.33,1.23,0.27,90.0,49.0,16380.0,1892294.17,True,15
220,Sánchez,GK,31,2,0.0,0.17,2.67,12.17,1.17,0.33,90.0,48.83,-3571.5,1883630.5,False,9
220,Sánchez,GK,32,2,0.0,0.17,2.83,10.5,1.18,0.49,90.0,48.67,-25662.17,1845504.83,True,13
220,Sánchez,GK,33,2,0.0,0.17,3.33,9.67,1.38,0.62,90.0,48.5,-49266.67,1789396.67,True,14
220,Sánchez,GK,33,2,0.0,0.17,3.5,10.17,1.19,0.64,90.0,48.33,-46784.67,1734812.83,False,6
220,Sánchez,GK,35,1,0.0,0.0,3.67,9.67,1.41,0.76,90.0,48.17,-44741.0,1680864.33,True,16
253,Henderson,GK,4,6,0.67,0.0,2.0,20.33,1.22,-0.89,90.0,50.0,552.67,748434.33,True,17
253,Henderson,GK,5,1,0.75,0.0,1.5,20.75,1.01,-0.76,90.0,50.0,23686.75,801070.25,False,19
253,Henderson,GK,6,3,0.6,0.2,1.6,18.8,0.94,-0.54,90.0,50.0,22196.8,835762.2,True,12
253,Henderson,GK,7,2,0.5,0.17,1.83,18.0,1.14,-0.64,90.0,50.0,9706.5,848663.17,False,9
253,Henderson,GK,8,1,0.33,0.17,2.33,16.5,1.21,-0.38,90.0,50.0,14601.33,900800.5,True,4
253,Henderson,GK,9,2,0.33,0.17,2.67,16.17,1.39,-0.22,90.0,50.0,12997.17,931396.83,False,1
253,Henderson,GK,10,6,0.17,0.17,2.33,12.5,1.38,-0.05,90.0,50.0,7534.33,950828.0,True,5
253,Henderson,GK,11,9,0.17,0.17,2.67,13.0,1.41,-0.08,90.0,50.0,-8816.5,945961.67,True,6
253,Henderson,GK,12,6,0.33,0.0,2.83,16.33,1.37,-0.2,90.0,50.0,-11311.5,939608.17,False,20
253,Henderson,GK,13,2,0.5,0.0,2.5,18.0,1.31,-0.31,90.0,50.0,6359.0,957139.33,True,14
253,Henderson,GK,14,7,0.5,0.0,2.33,17.67,1.17,-0.17,90.0,50.0,3178.5,963934.67,False,3
253,Henderson,GK,15,3,0.67,0.0,2.5,22.17,0.99,-0.49,90.0,50.0,13470.17,983357.67,False,10
253,Henderson,GK,16,1,0.67,0.0,2.67,23.0,0.94,-0.43,90.0,50.17,29789.67,1017703.83,True,13
253,Henderson,GK,17,0,0.5,0.17,2.83,18.33,1.04,-0.04,90.0,50.33,24684.5,1044048.17,False,11
253,Henderson,GK,18,3,0.33,0.17,2.67,13.0,1.42,0.24,90.0,50.5,29235.67,1077552.17,True,18
253,Henderson,GK,19,3,0.17,0.17,3.0,11.0,1.27,0.57,90.0,50.67,13646.67,1086233.33,True,10
253,Henderson,GK,20,2,0.17,0.17,3.0,11.0,1.39,0.28,90.0,50.83,9513.17,1098607.67,False,15
253,Henderson,GK,21,7,0.0,0.17,3.33,9.17,1.57,0.42,90.0,51.0,-6170.5,1092549.33,True,2
253,Henderson,GK,22,2,0.17,0.17,3.5,11.67,1.74,0.1,90.0,51.0,-20959.5,1073301.83,False,17
253,Henderson,GK,23,1,0.17,0.0,3.83,14.67,1.82,-0.16,90.0,51.0,-17032.0,1060706.83,True,7
253,Henderson,GK,24,2,0.17,0.0,3.83,15.33,1.75,-0.25,90.0,50.83,-26864.17,1034782.5,False,16
253,Henderson,GK,25,8,0.17,0.0,3.33,14.33,1.69,-0.19,90.0,50.67,-25390.17,1014922.5,False,6
253,Henderson,GK,26,1,0.33,0.0,3.0,16.17,1.51,-0.18,90.0,50.5,-25750.83,991414.33,True,3
253,Henderson,GK,27,16,0.33,0.0,2.33,13.33,1.25,0.25,90.0,50.33,-16422.67,979057.17,True,20
253,Henderson,GK,28,3,0.33,0.0,2.83,16.83,1.24,0.26,90.0,50.17,-12440.33,968771.17,False,14
253,Henderson,GK,29,3,0.33,0.17,3.5,17.67,1.29,0.21,90.0,50.0,-8736.33,961390.33,False,18
253,Henderson,GK,32,2,0.33,0.17,3.67,19.33,1.19,-0.02,90.0,50.0,1218.0,964683.0,True,15
253,Henderson,GK,33,7,0.33,0.17,4.0,20.33,1.3,-0.13,90.0,50.17,5182.33,983163.5,True,19
253,Henderson,GK,34,0,0.33,0.17,4.17,20.83,1.26,-0.09,90.0,50.33,6809.5,1000493.83,False,12
253,Henderson,GK,35,2,0.33,0.33,4.0,19.67,1.36,-0.19,90.0,50.5,3955.17,1012421.83,False,4
253,Henderson,GK,36,2,0.17,0.33,3.33,11.33,1.43,0.23,90.0,50.67,16842.83,1041694.5,True,9
253,Henderson,GK,36,1,0.17,0.17,2.67,9.83,1.36,0.31,90.0,50.83,36347.33,1093028.0,False,13
253,Henderson,GK,37,0,0.17,0.17,2.33,7.17,1.35,0.65,90.0,51.0,52657.67,1138752.83,False,5
253,Henderson,GK,38,2,0.17,0.33,2.17,5.5,1.45,0.72,90.0,51.0,46791.0,1164297.83,True,1
287,Pickford,GK,4,6,0.33,0.0,2.67,19.0,1.87,-0.87,90.0,55.0,22056.33,1215672.67,True,2
287,Pickford,GK,5,1,0.5,0.0,2.25,20.25,1.54,-0.79,90.0,55.0,11231.5,1257881.5,False,12
287,Pickford,GK,6,2,0.4,0.0,2.0,16.8,1.41,-0.41,90.0,55.0,-1805.6,1274822.2,True,19
287,Pickford,GK,7,3,0.33,0.0,2.0,16.0,1.37,-0.37,90.0,55.0,-6186.17,1286056.5,True,8
287,Pickford,GK,8,2,0.33,0.0,2.5,17.17,1.3,-0.3,90.0,55.0,-13401.5,1318041.17,False,13
287,Pickford,GK,9,1,0.17,0.0,2.67,12.83,1.29,0.04,90.0,55.0,-12138.17,1337961.67,True,18
287,Pickford,GK,10,2,0.17,0.0,2.5,11.67,1.45,0.04,90.0,55.0,-38781.0,1307412.67,False,17
287,Pickford,GK,11,7,0.0,0.0,2.67,9.5,1.55,0.12,90.0,55.0,-40760.17,1276534.17,True,10
287,Pickford,GK,12,10,0.17,0.0,3.17,14.5,1.46,-0.13,90.0,55.0,-33875.83,1252687.17,False,14
287,Pickford,GK,13,1,0.33,0.0,3.83,18.67,1.54,-0.38,90.0,55.0,-34242.0,1222517.83,True,15
287,Pickford,GK,14,7,0.33,0.0,3.5,15.17,1.59,0.08,90.0,55.0,-23301.5,1206635.83,False,4
287,Pickford,GK,15,6,0.5,0.0,3.0,17.17,1.27,0.06,90.0,55.0,-15048.67,1196544.83,True,16
287,Pickford,GK,16,2,0.67,0.0,3.17,22.0,1.01,-0.18,90.0,55.0,5602.5,1214039.83,False,7
287,Pickford,GK,17,2,0.67,0.0,3.33,21.83,1.2,-0.2,90.0,55.0,22088.83,1240724.33,True,1
287,Pickford,GK,18,6,0.5,0.0,2.67,17.17,1.47,-0.3,90.0,55.0,20963.67,1263996.0,False,3
287,Pickford,GK,19,10,0.5,0.0,1.67,14.5,1.42,-0.26,90.0,55.0,31837.33,1313973.83,False,16
287,Pickford,GK,20,1,0.67,0.0,2.17,21.0,1.36,-0.87,90.0,55.0,32526.83,1352405.83,True,5
287,Pickford,GK,21,3,0.5,0.0,2.33,17.17,1.68,-0.52,90.0,55.0,53827.0,1414103.0,True,20
287,Pickford,GK,22,10,0.33,0.0,2.5,14.67,1.72,-0.38,90.0,55.17,61165.5,1477593.0,False,2
287,Pickford,GK,23,3,0.5,0.0,2.83,18.67,1.59,-0.59,90.0,55.33,42875.67,1524961.17,True,11
287,Pickford,GK,24,2,0.5,0.0,3.33,20.0,1.46,-0.46,90.0,55.5,61455.5,1594604.33,False,6
287,Pickford,GK,25,2,0.33,0.0,3.5,18.5,1.46,-0.3,90.0,55.67,66653.5,1654893.0,False,10
287,Pickford,GK,26,1,0.17,0.17,3.0,14.0,1.53,-0.2,90.0,55.83,62391.0,1721022.33,True,4
287,Pickford,GK,27,1,0.17,0.17,2.83,14.5,1.36,-0.36,90.0,56.0,34377.83,1756659.0,True,14
287,Pickford,GK,28,2,0.17,0.33,2.5,13.33,1.45,-0.45,90.0,56.0,-174.83,1756786.67,False,15
287,Pickford,GK,29,6,0.0,0.33,2.33,9.17,1.38,-0.05,90.0,56.0,1241.33,1763272.83,True,3
287,Pickford,GK,30,2,0.17,0.33,2.17,11.83,1.31,-0.14,90.0,56.0,-8916.5,1759331.17,False,1
287,Pickford,GK,31,7,0.17,0.33,2.67,11.0,1.52,-0.18,90.0,56.0,-22640.83,1740146.83,True,7
287,Pickford,GK,32,0,0.33,0.17,2.83,14.67,1.34,-0.18,90.0,56.0,-17387.17,1738601.33,False,5
287,Pickford,GK,33,1,0.33,0.33,2.83,13.67,1.59,-0.43,90.0,56.0,-7050.17,1736991.83,True,12
287,Pickford,GK,34,1,0.33,0.33,3.17,14.17,1.62,-0.29,90.0,56.0,-2562.83,1728502.0,False,19
287,Pickford,GK,35,1,0.33,0.33,2.67,13.17,1.65,-0.31,90.0,56.0,11397.83,1756851.5,True,13
287,Pickford,GK,36,3,0.17,0.33,2.5,9.17,1.76,0.08,90.0,56.0,-4165.0,1752891.5,False,8
287,Pickford,GK,37,1,0.17,0.33,2.83,11.0,1.73,0.1,90.0,56.0,-5163.0,1749371.67,True,17
287,Pickford,GK,38,2,0.0,0.33,2.17,5.5,1.7,0.63,90.0,56.0,-7592.67,1731442.67,False,18
314,Leno,GK,4,8,0.0,0.0,3.33,13.33,1.82,-0.49,90.0,50.0,-5735.0,164156.0,True,11
314,Leno,GK,5,1,0.25,0.0,3.25,17.0,1.56,-0.56,90.0,50.0,-2864.0,171715.75,True,5
314,Leno,GK,6,1,0.2,0.2,3.0,15.4,1.37,-0.37,90.0,50.0,-2009.4,175985.0,False,2
314,Leno,GK,7,2,0.17,0.17,2.67,12.83,1.33,0.01,90.0,50.0,-2670.17,177710.67,False,4
314,Leno,GK,8,3,0.17,0.17,2.67,11.0,1.27,0.4,90.0,50.0,-3833.67,181938.83,True,1
314,Leno,GK,9,2,0.17,0.17,2.83,12.0,1.31,0.36,90.0,50.0,-3386.83,183348.17,False,15
314,Leno,GK,10,7,0.17,0.17,3.0,12.17,1.27,0.39,90.0,50.0,-2645.17,184050.5,True,20
314,Leno,GK,11,2,0.17,0.17,2.83,12.17,1.18,0.49,90.0,50.0,-863.5,185583.67,False,9
314,Leno,GK,12,5,0.17,0.0,3.0,12.0,1.32,0.51,90.0,50.0,-1678.67,185534.5,True,17
314,Leno,GK,13,1,0.33,0.17,3.17,16.17,1.16,0.17,90.0,50.0,-1036.33,186727.5,False,18
314,Leno,GK,14,0,0.33,0.33,2.67,15.83,1.12,-0.12,90.0,50.0,-1560.0,186865.67,True,13
314,Leno,GK,15,2,0.33,0.33,2.0,10.67,1.17,0.5,90.0,49.83,-801.17,187652.0,True,8
314,Leno,GK,16,3,0.33,0.33,1.67,9.83,1.09,0.58,90.0,49.67,-45.83,189080.5,False,3
314,Leno,GK,17,7,0.17,0.33,2.33,8.5,1.46,0.54,90.0,49.5,5504.17,196804.33,True,16
314,Leno,GK,18,6,0.33,0.33,2.17,11.67,1.32,0.35,90.0,49.33,5987.33,204087.5,False,19
314,Leno,GK,19,2,0.33,0.17,2.17,12.0,1.44,0.23,90.0,49.17,5913.17,210384.67,False,8
314,Leno,GK,20,1,0.33,0.0,2.33,13.67,1.57,0.1,90.0,49.0,6752.0,217384.17,True,12
314,Leno,GK,21,3,0.33,0.0,2.33,16.0,1.43,-0.26,90.0,49.0,5658.33,223564.17,True,7
314,Leno,GK,22,3,0.33,0.0,2.5,17.83,1.56,-0.56,90.0,49.0,3938.17,228013.17,False,11
314,Leno,GK,23,3,0.33,0.0,2.17,17.67,1.38,-0.55,90.0,49.0,-3959.67,222052.5,True,6
314,Leno,GK,24,2,0.17,0.0,2.33,16.17,1.55,-0.55,90.0,49.0,-4042.33,218200.33,False,14
314,Leno,GK,25,-1,0.0,0.0,2.5,13.83,1.7,-0.2,90.0,49.0,-5532.33,213250.17,True,9
314,Leno,GK,26,1,0.0,0.0,2.67,12.67,1.74,-0.07,90.0,49.0,-4861.33,209919.0,False,13
314,Leno,GK,27,2,0.0,0.0,3.0,13.0,1.74,0.09,90.0,49.0,-4815.83,205497.67,False,17
314,Leno,GK,28,2,0.0,0.0,2.5,10.83,1.65,0.18,90.0,49.0,-4107.83,201989.17,True,18
314,Leno,GK,29,3,0.0,0.0,1.83,8.33,1.56,0.27,90.0,49.0,-4579.67,197820.83,True,19
314,Leno,GK,30,7,0.0,0.0,1.83,7.17,1.48,0.36,90.0,49.0,-2976.5,195450.5,False,16
314,Leno,GK,31,3,0.17,0.0,1.67,9.83,1.34,-0.0,90.0,49.0,-422.67,195607.17,True,3
314,Leno,GK,32,2,0.17,0.0,2.0,12.33,1.23,-0.06,90.0,49.0,10535.33,265858.67,False,12
314,Leno,GK,33,10,0.17,0.0,2.17,13.83,1.27,-0.27,90.0,49.0,8486.33,274552.5,False,5
314,Leno,GK,34,7,0.33,0.0,2.67,18.5,1.2,-0.36,90.0,49.0,7825.67,280719.33,True,2
314,Leno,GK,35,3,0.5,0.0,2.83,22.5,1.2,-0.54,90.0,49.0,10066.0,293451.17,False,1
314,Leno,GK,36,3,0.5,0.0,3.33,22.67,1.56,-0.56,90.0,49.0,9022.0,302360.83,True,4
314,Leno,GK,37,2,0.33,0.0,3.5,20.83,1.54,-0.37,90.0,49.0,11150.0,313727.5,False,20
314,Leno,GK,38,6,0.33,0.0,3.17,20.0,1.57,-0.4,90.0,49.17,6009.33,260877.33,True,15
341,Darlow,GK,7,1,0.0,0.0,3.67,16.67,1.15,0.18,90.0,40.0,-3222.0,290038.0,True,18
341,Darlow,GK,8,1,0.0,0.0,3.0,13.5,1.0,0.5,90.0,40.0,-1966.25,293177.25,False,3
341,Darlow,GK,22,6,0.0,0.0,2.6,11.0,0.89,0.71,90.0,40.0,-1684.4,295247.4,True,10
341,Darlow,GK,23,2,0.17,0.0,2.33,13.17,0.8,0.53,90.0,39.83,-1583.17,288950.17,False,9
341,Darlow,GK,24,1,0.17,0.0,2.17,12.17,0.76,0.57,90.0,39.67,2911.83,285702.5,True,1
341,Darlow,GK,25,3,0.17,0.0,2.0,9.0,0.83,1.0,90.0,39.5,3802.0,282862.17,True,16
341,Darlow,GK,26,1,0.17,0.0,2.33,10.33,0.92,0.75,90.0,39.33,3137.0,279049.0,False,7
341,Darlow,GK,27,2,0.17,0.0,2.5,10.67,1.35,0.32,90.0,39.17,5434.67,278515.17,False,2
341,Darlow,GK,28,3,0.17,0.17,2.83,12.33,1.52,-0.02,90.0,39.0,7360.67,278901.0,True,13
341,Darlow,GK,29,2,0.0,0.17,3.33,11.0,1.78,-0.12,90.0,39.0,8443.17,287889.17,True,17
341,Darlow,GK,30,6,0.0,0.17,3.0,10.17,1.83,-0.16,90.0,39.0,10297.0,298877.5,False,8
341,Darlow,GK,31,6,0.17,0.17,2.33,13.0,1.58,-0.57,90.0,39.0,9743.17,309067.67,True,5
341,Darlow,GK,32,4,0.33,0.17,1.83,14.67,1.43,-0.6,90.0,39.0,9405.67,319881.5,False,14
341,Darlow,GK,33,6,0.33,0.17,2.5,17.5,1.13,-0.46,90.0,39.0,53502.17,373011.33,True,20
341,Darlow,GK,33,2,0.5,0.0,2.17,20.0,0.98,-0.48,90.0,39.0,76950.33,502938.83,False,4
341,Darlow,GK,35,2,0.5,0.0,2.33,20.17,0.89,-0.22,90.0,39.0,101328.67,631941.33,True,3
341,Darlow,GK,36,2,0.5,0.0,2.67,21.17,0.84,-0.17,90.0,39.0,116301.83,724384.83,False,18
341,Darlow,GK,37,11,0.33,0.0,2.83,18.83,0.94,-0.1,90.0,39.17,114227.17,814473.67,True,6
341,Darlow,GK,38,2,0.33,0.0,3.67,20.5,1.37,-0.54,90.0,39.33,114951.17,904231.83,False,19
366,A.Becker,GK,4,6,0.33,0.0,1.0,14.67,1.04,0.29,90.0,55.0,-59075.67,1125885.67,False,3
366,A.Becker,GK,5,2,0.5,0.0,0.75,15.75,0.81,0.19,90.0,55.0,-32330.75,1162495.75,True,9
366,A.Becker,GK,6,2,0.4,0.0,0.8,14.8,0.79,0.21,90.0,55.0,-23631.0,1190705.6,False,8
366,A.Becker,GK,12,2,0.33,0.0,1.5,15.83,1.14,0.02,90.0,55.0,-26702.33,1203627.17,True,16
366,A.Becker,GK,13,6,0.33,0.0,2.0,15.5,1.12,0.21,90.0,54.83,-28746.83,1136741.33,False,19
366,A.Becker,GK,14,3,0.5,0.0,1.83,17.67,1.02,-0.02,90.0,54.67,-14132.17,1056456.17,True,17
366,A.Becker,GK,15,1,0.33,0.0,2.33,15.17,1.01,0.16,90.0,54.5,1710.5,982326.33,False,11
366,A.Becker,GK,16,7,0.17,0.0,2.67,12.33,1.24,0.43,90.0,54.33,-4876.0,887727.83,True,6
366,A.Becker,GK,17,3,0.33,0.0,2.67,15.0,1.44,0.07,90.0,54.17,-7700.0,786525.17,False,18
366,A.Becker,GK,18,3,0.33,0.0,2.5,13.67,1.13,0.21,90.0,54.0,1811.17,694303.33,True,20
366,A.Becker,GK,19,6,0.33,0.0,2.33,14.67,1.04,-0.04,90.0,54.0,11455.67,718752.17,True,11
366,A.Becker,GK,20,1,0.33,0.0,2.67,15.5,1.11,-0.11,90.0,54.0,13191.33,739168.83,False,10
366,A.Becker,GK,21,10,0.33,0.0,2.0,13.0,1.16,0.0,90.0,54.0,10272.17,750945.0,False,1
366,A.Becker,GK,22,2,0.5,0.0,2.33,17.83,1.01,-0.34,90.0,54.0,5645.33,757489.17,True,3
366,A.Becker,GK,23,1,0.33,0.0,2.33,14.83,0.76,0.08,90.0,54.0,14801.33,776454.0,False,4
366,A.Becker,GK,24,2,0.33,0.0,2.0,14.0,0.97,0.2,90.0,54.0,9679.83,788047.33,True,15
366,A.Becker,GK,25,1,0.33,0.0,1.67,13.83,0.85,0.31,90.0,54.0,-1429.83,777318.67,True,13
366,A.Becker,GK,26,7,0.17,0.17,2.17,11.33,1.22,0.28,90.0,54.0,-4755.67,769373.33,False,17
366,A.Becker,GK,27,7,0.33,0.17,2.5,16.17,1.2,-0.04,90.0,54.0,-5438.17,765542.83,False,16
366,A.Becker,GK,28,2,0.33,0.17,2.17,16.33,1.31,-0.14,90.0,54.0,31.0,768137.17,True,19
366,A.Becker,GK,29,1,0.33,0.17,2.5,16.17,1.55,-0.22,90.0,54.0,1144.0,770103.33,False,20
366,A.Becker,GK,30,4,0.33,0.17,2.33,16.33,1.23,-0.07,90.0,54.0,6853.5,779110.33,True,18
366,A.Becker,GK,38,2,0.33,0.17,3.17,18.33,1.37,-0.2,90.0,54.0,5273.33,785992.83,True,5
367,Mamardashvili,GK,10,7,0.0,0.0,3.67,12.0,1.7,0.64,90.0,43.0,20938.0,96088.33,True,2
367,Mamardashvili,GK,11,7,0.25,0.0,3.5,15.5,1.38,0.38,90.0,43.0,15479.75,100437.25,False,13
367,Mamardashvili,GK,31,2,0.2,0.0,3.4,14.0,1.42,0.58,90.0,43.0,13292.2,104115.0,False,6
367,Mamardashvili,GK,32,9,0.17,0.0,3.5,13.17,1.54,0.45,90.0,42.67,11017.67,98584.0,True,10
367,Mamardashvili,GK,33,1,0.33,0.0,3.5,16.33,1.55,0.12,90.0,42.33,8480.17,100574.0,False,9
431,Bayindir,GK,4,2,0.0,0.0,1.67,9.67,1.42,-0.09,90.0,50.0,1033.0,45180.0,False,13
431,Bayindir,GK,5,2,0.0,0.0,2.0,8.5,1.7,0.05,90.0,50.0,-1272.25,46413.5,True,7
431,Bayindir,GK,6,2,0.0,0.0,1.6,7.6,1.44,0.16,90.0,50.0,-1739.4,46803.2,False,5
469,Pope,GK,4,8,0.67,0.33,1.67,20.0,0.53,0.47,90.0,50.0,37640.67,462070.67,True,20
469,Pope,GK,5,6,0.75,0.25,2.0,22.25,0.52,0.23,90.0,50.0,46517.0,524617.75,False,4
469,Pope,GK,6,2,0.8,0.2,2.0,23.0,0.53,0.07,90.0,50.0,40808.2,561853.6,True,1
469,Pope,GK,7,7,0.67,0.17,2.5,22.5,0.78,0.05,90.0,50.0,48291.0,603559.83,True,16
469,Pope,GK,8,2,0.67,0.17,2.67,22.33,0.8,0.04,90.0,50.17,83982.0,727247.67,False,6
469,Pope,GK,9,3,0.67,0.17,3.0,22.83,0.83,-0.17,90.0,50.33,131687.83,885634.83,True,10
469,Pope,GK,10,3,0.5,0.0,3.5,21.67,0.97,-0.14,90.0,50.67,129480.5,1028178.67,False,19
469,Pope,GK,11,3,0.33,0.0,4.17,19.33,1.18,0.15,90.0,51.0,123442.0,1164559.17,False,5
469,Pope,GK,24,1,0.33,0.0,2.83,15.0,1.27,-0.1,90.0,51.17,-5981.33,756439.83,False,12
469,Pope,GK,25,2,0.33,0.0,2.83,12.83,1.23,0.43,90.0,51.0,7413.67,634002.17,True,5
469,Pope,GK,26,2,0.33,0.0,3.0,11.5,1.35,0.65,90.0,51.0,5781.17,639315.33,False,18
469,Pope,GK,27,2,0.17,0.0,3.0,9.0,1.54,0.62,90.0,51.0,1462.5,641351.17,False,13
469,Pope,GK,28,1,0.17,0.0,3.33,11.83,1.45,0.55,90.0,51.0,-10901.0,630452.0,True,9
469,Pope,GK,34,2,0.0,0.0,3.33,7.0,1.76,0.74,90.0,51.0,-12454.33,618593.5,False,1
469,Pope,GK,35,3,0.0,0.17,2.83,5.5,1.65,0.68,90.0,50.83,-11442.17,602323.5,True,6
469,Pope,GK,36,3,0.0,0.17,2.83,8.17,1.52,0.31,90.0,50.67,-8351.17,589760.33,False,16
469,Pope,GK,37,4,0.0,0.17,3.17,10.83,1.41,0.09,90.0,50.5,-7661.83,577156.67,True,19
469,Pope,GK,38,2,0.0,0.17,4.17,14.0,1.26,0.24,90.0,50.33,-3981.0,569086.33,False,10
470,Dúbravka,GK,4,3,0.33,0.0,3.0,12.67,2.24,-0.24,90.0,40.0,54843.0,3663774.0,True,12
470,Dúbravka,GK,5,4,0.25,0.0,3.0,13.25,2.29,-0.54,90.0,40.0,54473.25,3742334.75,True,16
470,Dúbravka,GK,6,1,0.2,0.0,3.8,15.4,2.05,-0.45,90.0,40.0,55446.2,3806783.2,False,13
470,Dúbravka,GK,7,2,0.17,0.0,4.0,13.5,2.05,0.12,90.0,40.0,56043.17,3860800.83,False,2
470,Dúbravka,GK,8,9,0.17,0.0,4.33,14.67,1.89,0.11,90.0,40.0,55299.0,3987687.0,True,11
470,Dúbravka,GK,9,2,0.17,0.0,4.83,15.83,2.2,-0.2,90.0,40.0,42166.33,4060663.5,False,20
470,Dúbravka,GK,10,2,0.17,0.0,4.83,17.17,2.02,-0.18,90.0,40.0,39517.83,4123123.0,True,1
470,Dúbravka,GK,11,2,0.17,0.0,5.17,17.0,2.01,-0.01,90.0,40.0,31509.83,4166720.0,False,19
470,Dúbravka,GK,12,2,0.17,0.0,4.5,13.33,2.33,0.0,90.0,40.0,24565.33,4201640.5,True,7
470,Dúbravka,GK,13,1,0.17,0.0,4.17,14.67,2.28,-0.45,90.0,40.0,12397.67,4220970.0,False,5
470,Dúbravka,GK,14,2,0.17,0.0,3.5,12.67,2.56,-0.56,90.0,40.0,10120.5,4227370.5,True,8
470,Dúbravka,GK,15,3,0.0,0.0,3.17,9.67,2.22,-0.05,90.0,40.0,5016.5,4237590.67,False,15
470,Dúbravka,GK,16,1,0.0,0.0,3.33,9.17,2.1,0.07,90.0,40.0,-4615.0,4235105.17,True,10
470,Dúbravka,GK,17,2,0.0,0.0,2.67,6.67,2.06,0.27,90.0,40.0,-7034.33,4232549.33,False,4
470,Dúbravka,GK,18,11,0.0,0.0,2.17,7.0,1.8,0.2,90.0,40.0,-11153.0,4224479.67,True,9
470,Dúbravka,GK,19,2,0.17,0.0,2.67,12.17,1.65,0.02,90.0,40.0,-8550.0,4217838.83,True,15
470,Dúbravka,GK,20,1,0.17,0.0,3.17,13.0,1.53,0.14,90.0,40.0,-3287.67,4223184.5,False,6
470,Dúbravka,GK,21,3,0.17,0.0,3.17,12.33,1.67,0.16,90.0,40.0,-2535.67,4226756.0,True,14
470,Dúbravka,GK,22,5,0.17,0.0,3.17,13.33,1.8,0.03,90.0,40.0,-4225.0,4230073.17,False,12
470,Dúbravka,GK,23,5,0.17,0.0,4.33,17.67,1.96,-0.46,90.0,40.0,-8061.5,4229157.67,True,18
470,Dúbravka,GK,24,1,0.17,0.0,5.83,21.33,2.06,-0.4,90.0,40.0,-7374.67,4228467.83,False,17
470,Dúbravka,GK,25,1,0.0,0.17,5.33,15.17,2.17,-0.0,90.0,40.0,-5867.17,4233078.67,True,19
470,Dúbravka,GK,26,1,0.0,0.17,5.0,15.83,1.95,0.05,90.0,40.0,-7499.67,4238135.5,False,8
470,Dúbravka,GK,27,2,0.0,0.17,4.83,14.83,2.01,-0.01,90.0,40.0,-9799.83,4229411.5,False,7
470,Dúbravka,GK,28,0,0.0,0.17,4.0,12.33,1.92,-0.09,90.0,40.0,-8528.83,4224326.83,True,5
470,Dúbravka,GK,29,2,0.0,0.17,3.0,7.83,1.76,0.57,90.0,40.0,-5386.0,4221918.5,False,9
470,Dúbravka,GK,30,6,0.0,0.17,2.0,5.0,1.64,0.7,90.0,40.0,-8352.33,4215515.67,True,4
470,Dúbravka,GK,31,2,0.17,0.0,1.83,8.33,1.82,0.01,90.0,40.0,-12201.67,4205782.0,False,10
470,Dúbravka,GK,32,2,0.17,0.0,2.0,7.67,2.17,-0.17,90.0,40.0,-15522.17,4170243.0,True,6
470,Dúbravka,GK,33,0,0.17,0.0,2.33,9.0,2.19,-0.19,90.0,40.0,-58804.5,4115929.17,False,16
470,Dúbravka,GK,33,4,0.17,0.0,2.17,7.83,2.06,0.44,90.0,40.0,-70922.5,4022882.0,True,13
470,Dúbravka,GK,35,2,0.17,0.0,3.17,12.5,2.28,-0.28,90.0,40.0,-83408.17,3931736.0,False,11
502,Sels,GK,4,1,0.0,0.33,3.33,9.67,1.67,-0.01,90.0,50.0,-36644.33,2062504.67,False,1
502,Sels,GK,5,3,0.0,0.25,3.0,7.75,1.72,0.28,90.0,50.0,-103738.0,1983554.5,False,3
502,Sels,GK,6,2,0.0,0.2,3.2,9.0,1.54,0.26,90.0,50.0,-104333.8,1925242.0,True,17
502,Sels,GK,7,3,0.0,0.17,3.0,9.17,1.48,0.18,90.0,50.0,-114007.0,1859193.67,False,15
502,Sels,GK,8,2,0.0,0.17,3.83,11.0,1.78,0.05,90.0,49.83,-145862.67,1744798.17,True,7
502,Sels,GK,9,2,0.0,0.0,3.83,9.5,1.88,0.29,90.0,49.67,-158135.0,1603708.83,False,4
502,Sels,GK,10,2,0.0,0.0,3.5,8.5,1.57,0.43,90.0,49.33,-164990.33,1438644.5,True,14
502,Sels,GK,11,2,0.0,0.0,3.83,10.0,1.45,0.38,90.0,49.0,-129277.67,1319506.83,True,11
502,Sels,GK,12,7,0.0,0.0,3.5,9.33,1.42,0.41,90.0,48.67,-115726.17,1207960.67,False,12
502,Sels,GK,13,2,0.17,0.0,3.67,12.67,1.55,0.12,90.0,48.17,-98974.83,1110955.33,True,6
502,Sels,GK,14,6,0.17,0.0,3.0,11.0,1.25,0.41,90.0,47.83,-67876.33,1045777.33,False,20
502,Sels,GK,15,2,0.33,0.0,2.67,14.67,1.13,0.04,90.0,47.5,-40327.0,1009986.67,False,9
502,Sels,GK,20,1,0.33,0.0,2.67,14.67,1.22,0.12,90.0,47.33,-27144.5,984318.5,False,2
502,Sels,GK,34,7,0.33,0.17,3.17,16.0,1.16,-0.16,90.0,46.0,-784.33,624756.17,False,17
502,Sels,GK,35,8,0.5,0.17,3.0,18.5,1.06,-0.4,90.0,46.0,3583.83,632660.33,False,7
502,Sels,GK,36,3,0.5,0.0,3.17,21.67,1.07,-0.57,90.0,46.0,4238.5,637258.83,True,15
502,Sels,GK,37,2,0.33,0.0,3.83,20.83,1.14,-0.47,90.0,46.0,5245.83,642993.0,False,14
502,Sels,GK,38,3,0.17,0.0,4.17,18.0,1.71,-0.55,90.0,46.0,4995.83,647457.67,True,4
565,Vicario,GK,4,8,0.67,0.0,4.33,29.67,1.36,-1.03,90.0,50.0,67288.67,563579.67,False,19
565,Vicario,GK,5,1,0.75,0.0,4.25,32.0,1.17,-0.92,90.0,50.0,105293.0,700702.5,False,6
565,Vicario,GK,6,2,0.6,0.0,3.8,27.4,1.2,-0.6,90.0,50.2,126923.0,833643.8,True,20
565,Vicario,GK,7,3,0.5,0.0,3.5,24.5,1.19,-0.52,90.0,50.33,125838.17,943860.83,False,11
565,Vicario,GK,8,1,0.33,0.0,3.33,20.67,1.32,-0.48,90.0,50.5,124436.33,1125018.5,True,2
565,Vicario,GK,9,6,0.17,0.0,2.67,15.83,1.11,0.06,90.0,50.67,114992.67,1283635.33,False,9
565,Vicario,GK,10,4,0.33,0.0,2.17,16.83,1.1,-0.1,90.0,50.83,64872.5,1366848.17,True,7
565,Vicario,GK,11,1,0.17,0.0,2.83,15.0,1.61,-0.45,90.0,51.0,15037.67,1389932.83,True,14
565,Vicario,GK,12,1,0.17,0.0,2.5,13.33,1.5,-0.33,90.0,51.0,-27115.67,1366364.67,False,1
565,Vicario,GK,13,1,0.17,0.0,2.83,12.17,1.63,0.04,90.0,50.83,-60529.83,1306539.67,True,10
565,Vicario,GK,14,2,0.17,0.0,2.5,10.0,1.42,0.41,90.0,50.67,-62247.33,1249032.67,False,15
565,Vicario,GK,15,6,0.17,0.0,3.17,12.33,1.71,0.12,90.0,50.5,-59935.0,1192086.67,True,5
565,Vicario,GK,16,2,0.17,0.0,3.0,11.5,1.5,0.33,90.0,50.33,-52013.33,1143078.5,False,16
565,Vicario,GK,17,1,0.17,0.0,2.17,7.67,1.28,0.89,90.0,50.0,-48834.17,1098641.33,True,12
565,Vicario,GK,18,7,0.17,0.0,2.5,8.67,1.28,0.89,90.0,49.67,-52595.83,1047976.0,False,8
565,Vicario,GK,19,5,0.33,0.0,2.17,12.67,1.18,0.32,90.0,49.5,-45032.67,1005430.17,False,5
565,Vicario,GK,20,2,0.5,0.17,2.33,16.83,1.24,-0.08,90.0,49.17,-43546.0,962236.17,True,17
565,Vicario,GK,21,1,0.5,0.17,2.0,16.5,0.98,0.02,90.0,48.83,-33954.83,931539.83,False,4
565,Vicario,GK,22,1,0.33,0.17,1.83,12.33,1.14,0.36,90.0,48.5,-29044.83,904999.67,True,19
565,Vicario,GK,23,1,0.33,0.17,1.67,13.5,1.21,0.13,90.0,48.33,-20269.33,887340.67,False,3
565,Vicario,GK,24,1,0.33,0.17,1.67,13.83,1.34,-0.0,90.0,48.17,-12151.5,878005.5,True,13
565,Vicario,GK,25,3,0.17,0.17,1.5,9.67,1.46,0.2,90.0,48.0,-13675.67,867533.5,False,14
565,Vicario,GK,26,2,0.0,0.0,2.5,9.5,1.62,0.38,90.0,48.0,-15992.17,853965.83,True,15
565,Vicario,GK,27,0,0.0,0.0,2.67,9.0,1.96,0.21,90.0,48.0,-18488.83,835681.0,True,1
565,Vicario,GK,28,1,0.0,0.0,3.0,9.0,2.09,0.24,90.0,47.83,-21699.17,814962.67,False,10
565,Vicario,GK,29,1,0.0,0.0,3.0,8.17,2.0,0.33,90.0,47.67,-22441.33,792919.0,True,8
565,Vicario,GK,30,3,0.0,0.0,2.83,6.67,2.06,0.44,90.0,47.5,-21984.33,771528.5,False,12
565,Vicario,GK,31,2,0.0,0.0,3.17,8.33,1.99,0.34,90.0,47.33,-17955.67,754624.67,True,16
567,Kinsky,GK,35,2,0.33,0.0,1.33,13.0,0.95,0.05,90.0,39.0,5118.67,246116.67,False,2
567,Kinsky,GK,36,3,0.25,0.0,1.0,10.25,0.79,0.21,90.0,39.0,3795.25,239298.0,True,11
567,Kinsky,GK,37,1,0.2,0.0,1.4,10.6,0.9,0.1,90.0,39.0,4955.0,237519.2,False,7
567,Kinsky,GK,38,5,0.17,0.0,1.5,9.5,0.86,0.31,90.0,39.0,5863.17,238050.33,True,9
600,Areola,GK,8,2,0.0,0.0,3.0,11.0,1.94,-0.27,90.0,43.33,-20507.0,283258.0,True,5
600,Areola,GK,9,2,0.0,0.0,3.25,11.75,2.03,-0.28,90.0,43.25,-16239.25,279816.5,False,11
600,Areola,GK,10,3,0.0,0.0,3.2,11.0,1.92,-0.12,90.0,43.2,-13872.4,277023.0,True,15
600,Areola,GK,11,2,0.0,0.0,3.17,11.33,1.69,-0.02,90.0,43.17,-12720.0,274081.0,True,3
600,Areola,GK,12,9,0.0,0.0,3.83,12.33,1.48,0.19,90.0,43.0,-7439.17,268815.33,False,4
600,Areola,GK,13,2,0.0,0.0,4.67,15.17,2.03,-0.2,90.0,43.0,-4903.17,265337.33,True,12
600,Areola,GK,14,3,0.0,0.0,4.67,15.17,1.78,0.06,90.0,43.0,-3175.5,263404.83,False,14
600,Areola,GK,15,3,0.0,0.0,4.5,14.5,1.65,0.01,90.0,43.0,-2509.17,261876.83,False,6
600,Areola,GK,16,1,0.0,0.0,4.67,15.33,1.72,-0.22,90.0,43.0,-1236.17,261731.67,True,2
600,Areola,GK,17,2,0.0,0.0,4.5,13.33,1.74,0.09,90.0,43.0,879.5,263779.17,False,13
600,Areola,GK,18,3,0.0,0.0,4.5,13.17,1.92,0.08,90.0,43.0,171.5,264297.83,True,10
600,Areola,GK,19,2,0.0,0.0,3.5,9.17,1.51,0.32,90.0,43.0,1627.67,267185.0,True,6
600,Areola,GK,20,2,0.0,0.0,3.83,9.33,1.79,0.04,90.0,43.0,2255.0,270349.0,False,20
600,Areola,GK,21,2,0.0,0.0,4.17,9.33,1.84,0.32,90.0,43.0,3712.0,275236.67,True,16
600,Areola,GK,22,3,0.0,0.0,4.0,7.67,1.76,0.57,90.0,43.0,2571.67,278505.5,False,18
600,Areola,GK,23,2,0.0,0.0,4.5,10.17,1.89,0.11,90.0,43.0,703.67,279794.5,True,17
600,Areola,GK,24,2,0.0,0.0,3.83,9.67,1.65,0.01,90.0,43.0,1103.0,281754.33,False,7
627,Johnstone,GK,8,1,0.0,0.0,3.33,15.67,1.19,-0.19,90.0,45.0,-324.33,15654.33,False,17
627,Johnstone,GK,9,2,0.0,0.0,2.75,12.5,1.06,0.2,90.0,45.0,39.75,16278.25,True,3
627,Johnstone,GK,10,2,0.0,0.0,3.0,12.4,1.13,0.47,90.0,45.0,159.2,16883.8,False,10
627,Johnstone,GK,11,2,0.0,0.0,3.17,11.33,1.17,0.66,90.0,45.0,344.5,17502.17,False,7
627,Johnstone,GK,12,1,0.0,0.0,3.5,10.17,1.47,0.7,90.0,45.0,119.33,18100.67,True,8
627,Johnstone,GK,13,3,0.0,0.0,3.5,9.67,1.53,0.8,90.0,45.0,152.17,18565.33,False,2
627,Johnstone,GK,14,2,0.0,0.0,3.5,9.17,1.51,0.82,90.0,45.0,9.83,18836.33,True,16
627,Johnstone,GK,15,1,0.0,0.0,3.67,10.0,1.52,0.64,90.0,45.0,72.67,19136.0,True,14
627,Johnstone,GK,16,-1,0.0,0.0,3.67,9.0,1.97,0.37,90.0,45.0,-250.83,19024.83,False,1
628,José Sá,GK,5,1,0.0,0.0,1.33,2.33,1.9,0.77,90.0,45.0,-4915.0,205085.67,True,11
628,José Sá,GK,17,2,0.0,0.0,1.25,1.75,1.54,1.21,90.0,45.0,-6086.5,201709.25,True,5
628,José Sá,GK,18,1,0.0,0.0,1.8,4.2,1.49,1.11,90.0,44.4,-5410.2,186161.2,False,12
628,José Sá,GK,19,4,0.0,0.0,1.83,4.67,1.5,1.0,90.0,44.0,-4822.67,175524.33,False,14
628,José Sá,GK,20,6,0.0,0.0,2.67,9.67,1.23,0.77,90.0,43.5,-5052.67,162621.17,True,19
628,José Sá,GK,21,1,0.17,0.0,2.17,11.17,1.05,0.78,90.0,43.0,-3550.5,148537.67,False,9
628,José Sá,GK,22,7,0.17,0.17,2.17,11.67,0.88,0.62,90.0,42.5,-1859.67,134915.5,True,15
628,José Sá,GK,23,1,0.33,0.17,2.33,16.33,0.96,0.04,90.0,42.0,-524.5,123856.83,False,13
628,José Sá,GK,24,1,0.33,0.17,2.0,14.83,0.89,0.11,90.0,42.0,287.5,124512.0,True,4
628,José Sá,GK,25,2,0.33,0.17,2.0,15.33,0.86,0.14,90.0,42.0,2220.17,127182.17,True,7
628,José Sá,GK,26,12,0.33,0.17,1.67,13.33,1.29,0.04,90.0,42.0,2420.17,129969.17,False,16
628,José Sá,GK,26,1,0.33,0.17,3.33,17.83,1.67,-0.34,90.0,42.0,4456.67,136028.17,True,1
628,José Sá,GK,27,2,0.33,0.0,3.5,18.33,1.83,-0.34,90.0,42.0,6302.67,141551.67,False,8
628,José Sá,GK,28,8,0.17,0.0,3.5,15.5,2.01,-0.34,90.0,42.0,7093.0,146737.17,True,2
628,José Sá,GK,29,3,0.33,0.0,3.83,19.83,2.04,-0.71,90.0,42.0,6688.0,151416.5,True,12
628,José Sá,GK,30,0,0.33,0.0,4.33,21.5,2.12,-0.95,90.0,42.0,5889.33,155280.5,False,5
628,José Sá,GK,32,1,0.33,0.17,4.0,20.5,1.97,-0.97,90.0,42.0,6281.17,159573.5,False,19
628,José Sá,GK,34,2,0.17,0.17,2.83,12.5,1.94,-0.27,90.0,42.0,3981.17,159443.0,True,18
628,José Sá,GK,37,3,0.17,0.17,2.67,12.83,1.78,-0.28,90.0,42.0,812.83,157889.83,True,10
628,José Sá,GK,38,6,0.17,0.17,3.0,13.33,1.71,-0.21,90.0,42.0,-469.5,154767.5,False,3
665,Perri,GK,9,1,0.67,0.0,1.0,12.0,1.3,0.37,90.0,45.0,182.67,40372.0,True,19
665,Perri,GK,10,2,0.5,0.25,1.25,11.0,1.14,0.36,90.0,45.0,42.0,37602.5,False,6
665,Perri,GK,11,2,0.4,0.2,1.8,10.6,1.52,0.28,90.0,45.0,403.6,36379.2,False,16
665,Perri,GK,12,1,0.33,0.17,2.0,10.0,1.69,0.31,90.0,45.0,96.0,35361.0,True,2
665,Perri,GK,13,3,0.17,0.17,2.17,6.17,1.86,0.47,90.0,45.0,-8.5,34811.5,False,13
665,Perri,GK,14,2,0.17,0.17,3.17,10.5,1.9,0.1,90.0,45.0,-372.33,32575.17,True,7
665,Perri,GK,15,2,0.0,0.17,3.0,7.33,1.98,0.18,90.0,45.0,-223.5,30073.33,True,12
665,Perri,GK,16,2,0.0,0.0,3.33,7.5,2.19,0.31,90.0,45.0,-144.83,30167.0,False,5
665,Perri,GK,17,1,0.0,0.0,2.83,7.33,1.8,0.36,90.0,45.0,-399.67,29996.5,True,8
665,Perri,GK,18,2,0.0,0.17,2.67,6.67,1.64,0.19,90.0,45.0,-112.0,30153.67,False,17
665,Perri,GK,19,10,0.0,0.17,2.67,8.33,1.49,0.17,90.0,45.0,-23.5,30412.83,False,12
665,Perri,GK,20,2,0.17,0.17,2.33,11.33,1.3,-0.14,90.0,45.0,-150.33,30472.17,True,14
665,Perri,GK,21,1,0.17,0.17,2.33,11.67,1.41,-0.24,90.0,45.0,201.33,30949.67,False,15
670,Roefs,GK,4,10,0.33,0.0,2.33,18.0,0.92,0.08,90.0,45.0,19234.0,90843.33,False,8
670,Roefs,GK,5,2,0.5,0.25,3.25,23.25,1.13,-0.38,90.0,45.0,21974.25,110791.25,True,2
670,Roefs,GK,6,10,0.4,0.2,2.8,19.2,1.05,-0.25,90.0,45.0,31820.0,139999.0,False,16
670,Roefs,GK,7,2,0.5,0.17,3.33,22.5,1.15,-0.49,90.0,45.0,36558.33,170157.67,False,14
670,Roefs,GK,8,7,0.33,0.17,3.33,19.33,1.37,-0.37,90.0,45.17,67304.33,255049.67,True,20
670,Roefs,GK,9,4,0.5,0.17,3.83,24.0,1.34,-0.67,90.0,45.33,75229.67,341700.67,False,7
670,Roefs,GK,10,2,0.5,0.17,4.33,23.83,1.29,-0.62,90.0,45.5,85711.67,438213.5,True,9
670,Roefs,GK,11,2,0.33,0.0,3.5,18.83,1.14,-0.3,90.0,45.83,102380.33,554549.83,True,1
670,Roefs,GK,12,3,0.33,0.0,4.17,21.0,1.34,-0.34,90.0,46.17,94013.33,657469.17,False,10
670,Roefs,GK,13,1,0.17,0.0,3.83,17.67,1.42,-0.25,90.0,46.5,97825.67,767427.33,True,4
670,Roefs,GK,14,3,0.17,0.17,3.83,17.5,1.39,-0.23,90.0,46.67,71036.83,844862.5,False,12
670,Roefs,GK,15,1,0.0,0.17,4.0,16.17,1.5,-0.16,90.0,46.83,53810.33,903264.5,False,13
670,Roefs,GK,16,9,0.0,0.17,3.33,13.0,1.75,-0.08,90.0,47.0,45120.33,952589.5,True,15
670,Roefs,GK,17,7,0.17,0.17,3.5,16.33,1.65,-0.15,90.0,47.0,23339.0,975862.83,False,6
670,Roefs,GK,18,3,0.33,0.17,3.33,18.67,1.52,-0.35,90.0,47.17,39194.33,1021349.0,True,11
670,Roefs,GK,19,7,0.33,0.17,3.33,18.83,1.52,-0.35,90.0,47.33,40666.33,1071476.17,True,13
670,Roefs,GK,20,3,0.5,0.0,3.33,22.33,1.61,-0.78,90.0,47.5,37535.17,1105447.0,False,18
670,Roefs,GK,21,2,0.5,0.0,3.17,21.33,1.57,-0.73,90.0,47.67,51998.67,1162949.17,False,5
670,Roefs,GK,22,2,0.5,0.0,3.33,22.0,1.7,-0.87,90.0,48.0,75610.33,1245223.67,True,8
670,Roefs,GK,23,1,0.33,0.0,3.17,19.33,1.76,-0.76,90.0,48.33,101674.17,1354701.67,False,19
670,Roefs,GK,24,6,0.17,0.0,2.83,15.17,1.83,-0.33,90.0,48.67,86973.5,1445295.33,True,3
670,Roefs,GK,25,1,0.33,0.0,2.17,15.17,1.48,-0.14,90.0,49.0,66339.67,1509198.0,False,1
670,Roefs,GK,26,2,0.17,0.0,1.83,10.67,1.35,0.48,90.0,49.33,55628.5,1574986.17,True,12
670,Roefs,GK,27,1,0.17,0.0,1.67,10.67,1.57,0.26,90.0,49.67,26150.5,1600386.0,True,10
670,Roefs,GK,28,2,0.17,0.0,1.33,9.67,1.35,0.49,90.0,49.67,303.17,1603431.83,False,4
670,Roefs,GK,32,11,0.17,0.17,1.83,9.0,1.53,0.3,90.0,49.67,-31465.83,1572466.0,True,18
670,Roefs,GK,33,1,0.33,0.17,2.67,15.17,1.42,-0.09,90.0,49.33,-48815.83,1458174.33,False,2
670,Roefs,GK,34,0,0.17,0.17,3.17,11.67,1.88,0.12,90.0,49.0,-42198.17,1344232.33,True,16
670,Roefs,GK,35,3,0.17,0.17,3.17,9.33,1.82,0.52,90.0,48.67,-13381.0,1296094.17,False,20
670,Roefs,GK,36,6,0.17,0.33,3.83,10.17,1.68,0.65,90.0,48.33,-140.5,1233819.83,True,14
670,Roefs,GK,37,3,0.33,0.33,3.83,14.5,1.47,0.36,90.0,48.17,-7751.17,1158614.33,False,9
670,Roefs,GK,38,2,0.33,0.17,3.67,15.17,1.36,0.47,90.0,48.0,-3678.83,1088588.83,True,7
674,Ramsdale,GK,29,3,0.0,0.0,1.5,7.83,1.02,0.31,90.0,48.0,6323.17,107253.67,True,14
674,Ramsdale,GK,30,7,0.0,0.0,2.0,9.17,1.11,0.23,90.0,48.0,6262.17,109239.0,False,7
674,Ramsdale,GK,31,2,0.17,0.17,2.5,13.33,1.21,-0.21,90.0,48.0,5534.33,110398.33,True,17
674,Ramsdale,GK,32,1,0.17,0.17,2.83,13.33,1.35,-0.19,90.0,48.0,1312.83,116386.0,False,8
674,Ramsdale,GK,33,1,0.17,0.33,3.17,13.0,1.73,-0.4,90.0,48.0,2015.83,114287.17,True,4
679,Hermansen,GK,4,1,0.33,0.0,2.33,8.33,1.38,1.28,90.0,45.0,-1649.33,34526.0,True,18
679,Hermansen,GK,25,10,0.25,0.0,2.25,6.75,1.36,1.39,90.0,45.0,-1363.5,35053.0,False,3
679,Hermansen,GK,26,2,0.4,0.0,2.8,12.6,1.36,0.84,90.0,44.4,-1115.2,33199.8,True,14
679,Hermansen,GK,27,10,0.33,0.0,2.67,11.67,1.23,0.77,90.0,44.0,-536.33,32457.5,True,4
679,Hermansen,GK,28,0,0.5,0.0,3.17,16.83,1.22,0.28,90.0,43.5,102.5,32595.0,False,12
679,Hermansen,GK,29,9,0.5,0.0,3.17,17.5,1.07,0.43,90.0,43.0,1025.67,32663.17,False,10
679,Hermansen,GK,30,3,0.5,0.0,3.5,18.83,1.1,0.4,90.0,42.5,1970.5,33496.5,True,13
679,Hermansen,GK,31,2,0.5,0.0,4.0,21.67,1.22,-0.05,90.0,42.0,3681.33,35768.67,False,2
679,Hermansen,GK,32,7,0.33,0.0,3.83,16.83,1.28,0.22,90.0,42.0,4953.83,43588.5,True,20
679,Hermansen,GK,33,6,0.5,0.0,4.17,20.17,1.28,0.05,90.0,42.0,5224.33,49218.67,False,8
679,Hermansen,GK,34,2,0.5,0.0,3.5,18.83,1.29,0.04,90.0,42.0,4654.83,53917.33,True,9
679,Hermansen,GK,35,2,0.5,0.0,3.33,20.67,1.23,-0.56,90.0,42.0,11762.33,93690.5,False,5
679,Hermansen,GK,36,2,0.33,0.0,3.17,15.67,1.46,-0.29,90.0,42.0,11250.83,104984.17,True,1
679,Hermansen,GK,37,5,0.33,0.0,2.5,13.67,1.32,-0.15,90.0,42.0,8744.0,113605.17,False,15
679,Hermansen,GK,38,7,0.33,0.0,2.5,14.67,1.32,0.01,90.0,42.0,8280.33,119359.5,True,11
715,John,GK,19,1,0.33,0.33,1.33,11.67,1.09,-0.09,90.0,40.0,939.67,44216.33,True,9
715,John,GK,20,1,0.25,0.25,1.25,9.25,1.14,0.12,90.0,40.0,3018.5,52948.0,False,2
733,Lammens,GK,10,1,0.33,0.0,3.67,19.0,1.53,-0.53,90.0,50.0,25624.33,59506.33,False,16
733,Lammens,GK,11,1,0.25,0.0,3.0,14.5,1.63,-0.38,90.0,50.0,30570.5,87299.25,False,18
733,Lammens,GK,12,2,0.2,0.0,2.8,12.6,1.49,-0.09,90.0,50.0,24393.6,103662.2,True,9
733,Lammens,GK,13,2,0.17,0.0,2.33,11.33,1.28,0.06,90.0,50.0,22888.17,119251.83,False,8
733,Lammens,GK,14,2,0.0,0.0,2.17,8.33,1.46,0.04,90.0,50.0,22133.67,147732.5,True,19
733,Lammens,GK,15,2,0.0,0.0,1.5,6.33,1.13,0.37,90.0,50.0,20831.0,174936.67,False,20
733,Lammens,GK,16,1,0.0,0.0,1.17,6.17,1.01,0.32,90.0,50.17,16417.17,199019.17,True,4
733,Lammens,GK,17,1,0.0,0.0,1.83,7.0,1.01,0.65,90.0,50.33,5648.67,207212.33,False,2
733,Lammens,GK,18,9,0.0,0.0,1.83,7.0,1.12,0.55,90.0,50.33,3581.5,213879.33,True,15
733,Lammens,GK,19,3,0.17,0.0,2.33,11.33,1.28,0.22,90.0,50.33,-550.33,214424.83,True,20
733,Lammens,GK,20,2,0.17,0.0,2.5,11.17,1.16,0.34,90.0,50.33,10735.0,247960.5,False,11
733,Lammens,GK,21,1,0.17,0.0,2.67,11.67,1.18,0.32,90.0,50.33,5501.67,255141.17,False,3
733,Lammens,GK,22,6,0.17,0.0,2.5,10.17,1.16,0.51,90.0,50.17,1677.33,256660.17,True,13
733,Lammens,GK,23,2,0.33,0.0,1.83,12.83,0.91,0.09,90.0,50.0,-753.33,258070.83,False,1
733,Lammens,GK,24,2,0.33,0.0,2.0,13.67,0.85,0.15,90.0,50.0,230.17,260707.67,True,10
733,Lammens,GK,25,6,0.17,0.0,2.17,10.33,0.98,0.35,90.0,50.0,3842.67,267709.5,True,18
733,Lammens,GK,26,2,0.33,0.0,1.83,12.5,0.87,0.3,90.0,50.0,-5934.67,244312.5,False,19
733,Lammens,GK,27,9,0.33,0.0,1.83,12.0,0.9,0.26,90.0,50.0,-998.83,246462.0,False,9
733,Lammens,GK,28,2,0.5,0.0,2.5,17.5,0.97,-0.13,90.0,50.0,-1033.33,247609.0,True,8
733,Lammens,GK,29,2,0.33,0.0,2.67,15.17,0.96,0.04,90.0,50.0,9568.0,260656.5,False,15
733,Lammens,GK,30,2,0.33,0.0,2.67,14.83,1.17,-0.17,90.0,50.0,11672.5,275062.5,True,2
733,Lammens,GK,31,2,0.33,0.0,2.17,14.17,1.01,-0.18,90.0,50.0,12807.67,290375.17,False,4
733,Lammens,GK,32,2,0.17,0.0,2.5,11.67,1.23,-0.07,90.0,50.0,16797.83,323081.0,True,11
733,Lammens,GK,33,10,0.17,0.0,2.67,12.0,1.44,-0.11,90.0,50.17,15726.5,341032.0,False,7
733,Lammens,GK,34,3,0.17,0.0,2.5,11.67,1.6,-0.27,90.0,50.33,13289.33,354560.5,True,5
733,Lammens,GK,35,2,0.17,0.0,3.0,12.67,1.78,-0.44,90.0,50.5,15675.33,382662.17,True,12
733,Lammens,GK,36,9,0.17,0.0,3.0,12.0,1.51,-0.18,90.0,50.67,14012.67,398572.33,False,17
733,Lammens,GK,37,1,0.33,0.0,3.5,16.33,1.55,-0.39,90.0,50.83,12809.17,413002.5,True,16
733,Lammens,GK,38,6,0.33,0.0,3.33,16.17,1.57,-0.4,90.0,51.0,12934.33,414619.33,False,6
736,Donnarumma,GK,7,6,0.33,0.33,1.67,12.67,0.96,-0.29,90.0,55.33,249349.33,477585.67,False,5
736,Donnarumma,GK,8,6,0.5,0.25,1.5,15.25,0.93,-0.43,90.0,55.5,211034.75,613761.25,True,9
736,Donnarumma,GK,9,2,0.6,0.2,1.4,17.6,0.9,-0.5,90.0,55.8,194178.6,729395.6,False,2
736,Donnarumma,GK,10,2,0.5,0.17,1.5,16.33,0.89,-0.39,90.0,56.0,172515.0,819486.17,True,4
736,Donnarumma,GK,11,6,0.33,0.33,1.83,13.67,0.76,-0.09,90.0,56.33,155616.83,1009109.67,True,12
736,Donnarumma,GK,12,1,0.5,0.17,1.83,16.17,0.72,-0.22,90.0,56.67,116448.17,1152077.67,False,15
736,Donnarumma,GK,13,5,0.5,0.33,2.17,16.17,1.02,-0.35,90.0,56.83,42131.17,1208823.83,True,11
736,Donnarumma,GK,14,0,0.33,0.5,2.17,13.83,1.14,-0.14,90.0,57.0,38270.33,1270081.5,False,10
736,Donnarumma,GK,15,6,0.17,0.5,2.17,8.67,1.15,0.51,90.0,57.0,19123.17,1302022.5,True,17
736,Donnarumma,GK,16,7,0.33,0.5,2.0,10.67,1.14,0.36,90.0,57.0,-1262.17,1312608.5,False,8
736,Donnarumma,GK,17,7,0.5,0.33,2.0,14.5,1.33,0.0,90.0,57.0,-16477.17,1305916.5,True,19
736,Donnarumma,GK,18,2,0.5,0.33,2.33,15.5,1.38,-0.04,90.0,57.0,-2705.5,1316735.33,False,16
736,Donnarumma,GK,19,7,0.5,0.17,2.0,15.5,1.1,0.07,90.0,57.0,-6036.33,1319698.0,False,17
736,Donnarumma,GK,20,2,0.67,0.0,2.5,19.67,0.97,-0.14,90.0,57.0,-21279.5,1302005.33,True,7
736,Donnarumma,GK,21,1,0.67,0.0,2.67,23.17,1.11,-0.78,90.0,57.0,-26394.17,1283782.83,True,6
736,Donnarumma,GK,22,2,0.5,0.17,2.83,21.33,1.18,-0.68,90.0,57.0,-11535.5,1281587.17,False,14
736,Donnarumma,GK,23,8,0.33,0.17,3.0,19.5,1.25,-0.42,90.0,57.0,-4170.83,1287658.83,True,20
736,Donnarumma,GK,24,2,0.33,0.17,2.5,20.0,1.19,-0.36,90.0,57.0,-13847.5,1280957.0,False,18
736,Donnarumma,GK,25,3,0.33,0.17,3.0,20.83,1.27,-0.27,90.0,56.83,-25616.0,1263094.0,False,12
736,Donnarumma,GK,26,7,0.17,0.17,2.83,17.33,1.34,-0.17,90.0,56.67,-30956.83,1238810.5,True,10
736,Donnarumma,GK,27,5,0.33,0.17,3.0,19.17,1.29,-0.29,90.0,56.5,-29550.33,1217246.5,True,15
736,Donnarumma,GK,28,5,0.33,0.0,3.67,21.0,1.2,-0.2,90.0,56.33,-31754.0,1191666.0,False,11
736,Donnarumma,GK,29,1,0.5,0.17,3.17,21.17,1.07,-0.4,90.0,56.17,-18598.17,1179658.67,True,16
736,Donnarumma,GK,30,2,0.33,0.17,3.33,16.83,1.13,-0.13,90.0,56.0,-5930.33,1180197.33,False,19
736,Donnarumma,GK,32,7,0.33,0.17,2.67,15.83,1.04,-0.21,90.0,56.0,5650.67,1191965.33,False,7
736,Donnarumma,GK,33,2,0.5,0.17,2.67,18.5,1.03,-0.36,90.0,56.0,10151.67,1200523.33,True,1
736,Donnarumma,GK,33,6,0.33,0.17,2.33,15.0,1.06,-0.23,90.0,56.0,19789.5,1217979.0,False,3
736,Donnarumma,GK,35,1,0.5,0.17,1.5,15.0,1.06,-0.4,90.0,56.0,24728.5,1231778.33,False,9
736,Donnarumma,GK,36,6,0.33,0.17,1.67,11.67,1.28,-0.11,90.0,56.0,21122.33,1233158.17,True,5
736,Donnarumma,GK,36,8,0.5,0.17,1.67,15.0,1.15,-0.32,90.0,56.0,16326.17,1228175.33,True,8
736,Donnarumma,GK,37,1,0.67,0.17,2.0,18.83,1.18,-0.51,90.0,56.0,18085.5,1222368.5,False,4
